Teclado Mecânico Gamer HyperX Alloy MKW100, RGB, Switch Red, Full Size, US, Preto - 4P5E1AA#ABA;229
Teclado com fio USB Logitech K120 Resistente à Respingos e Layout ABNT2 -920-004423;64
Teclado Multi Slim Resistente à Água, ABNT2, Preto - TC193;32
Teclado e Mouse Microsoft Wired Desktop 600 Multimídia ABNT2 - APB00005;139
Teclado Mecânico Gamer HyperX Alloy Origins, RGB, Switch HyperX Red, ABNT2 - 4P4F6A2#AC4;409
Teclado Padrão Maxprint USB Preto 608145;22
Teclado Mecânico Gamer Husky Gaming Blizzard, Branco, 60%, Switch Gateron Red, ABNT2, RGB - HGMO001;319
Teclado Mecânico Gamer Redragon APS, RGB, Switch Redragon Brown, ABNT2, Preto - Low Profile - K607 RGB (PT-BROWN);179
Teclado e Mouse Sem Fio Microsoft, 850, ABNT 2 - PY900021;169
Teclado e Mouse Logitech MK540 Advanced Sem Fio Multimídia Tecnologia Unifying Cinza ABNT2 - 920-008674;198
Teclado Mecânico Gamer Husky Gaming Blizzard, Preto, 60%, Switch Gateron Red, ABNT2, RGB - HGMO000;299
Teclado Mecânico Gamer T-Dagger Bora, RGB, Switch Outemu Brown, PT, Preto - T-TGK315-BROWN;149
Teclado Mecanico Gamer T-Dagger Bora RGB, Switch Outemu Red, Anti-Ghosting, ABNT2, Preto - T-TGK315-RD (PT-RED);199
Teclado e Mouse sem fio Logitech MK295 com Digitação e Clique Silencioso, Conexão USB, Pilhas Inclusas e Layout ABNT2 - 920-009793;169
Teclado Mecânico Gamer Corsair K65, Mini 60%, RGB, USB, Switch Cherry Red - CH-9194010-NA;379
Teclado Mecânico Gamer T-Dagger Bora, RGB, Switch Outemu Blue, ABNT2 - T-TGK315-BLUE;149
Teclado Mecânico Gamer Redragon Fizz, Rainbow, Switch Brown, Preto - K617-R-B (PT-BROWN);139
Teclado Mecânico Gamer HyperX Alloy Origins Core, RGB, Switch HyperX Red, ABNT2 - 4P5P3A2#AC4;439
Teclado Mecânico Gamer Husky Gaming Blizzard, 60%, RGB, Switch Gateron Brown, ABNT2, Preto - HGMO025;249
Teclado Gamer Razer Cynosa V2, Chroma, Membrane Switch, US - RZ03-03400200-R3U1;279
Teclado Mecânico Gamer Redragon APS, RGB, Switch Redragon Blue, ABNT2, Preto - Low Profile - K607 RGB (PT-BLUE);179
Teclado Mecânico Gamer Redragon Kumara, RGB, Switch Outemu Brown, PT - K552RGB-1 (PT-BROWN);219
Teclado Mecânico Gamer Corsair K60 PRO, RGB, USB, Switch Cherry Cherry MX Low Profile Speed, Full Size - CH-910D018-NA;379
Teclado Mecânico Gamer Husky Gaming Blizzard, Rosa, 60%, Switch Gateron Red, ABNT2, RGB - HGMO002;299
Teclado C3tech Kb-15bk, USB, ABNT2, Anti-Respingo, Preto;19
Teclado Mecânico Gamer Redragon Mitra, LED Vermelho, Switch Outemu Red, ABNT2 - K551-1;199
Teclado Mecânico Gamer Husky Gaming Blizzard, 60%, RGB, Switch Gateron Brown, ABNT2, Branco - HGMO023;299
Teclado Gamer Dazz Rapid Fire Revolution, Rainbow, ABNT2 - 625203;49
Teclado Semi-Mecânico Gamer XPG RGB, US, Preto  - Infarex K10;89
Teclado Mecânico Gamer XPG Summoner, RGB, Switch Cherry MX Speed Silver, US;349
Teclado Microsoft Wired 600 Multimídia Resistente à Água ABNT2 - ANB00005;104
Teclado Mecânico Gamer Sem Fio Logitech G915 TKL RGB LIGHTSYNC, USB ou Bluetooth, Ultrafino, Switch GL Tactile, Branco - 920-009660;749
Teclado Logitech Desktop K120, USB, ABNT2, Teclas de perfil plano, Resistente a derramamentos, Preto - 920-002481;65
Teclado Mecânico Gamer Husky Gaming Snow, TKL, RGB, Switch Outemu Red, Preto - HGMO008;179
Teclado e Mouse Philips, ABNT2 - SPT6254;94
Teclado Mecânico Gamer Redragon Fizz, RGB, Switch Brown, Preto - K617-RGB-B (PT-BROWN);189
Teclado E Mouse Logitech MK120, Resistente À Água, 1000DPI, Preto, ABNT2 - 920-004429;104
Teclado sem fio Logitech MX Keys com Iluminação Inteligente, USB Unifying ou Bluetooth e Bateria Recarregável, ANSI - 920-009297;638
Teclado Mecânico Gamer HyperX Alloy Origins, RGB, Switch HyperX Blue, ABNT2 - 4P5P0A2#AC4;449
Teclado sem fio Logitech K270 com Teclas de Mídia de Fácil Acesso, Conexão USB, Pilhas Inclusas e Layout ABNT2 - 920-004427;125
Teclado Mecânico Gamer Husky Gaming Blizzard, 60%, RGB, Switch Gateron Blue, ABNT2, Preto - HGMO024;199
Teclado Mecânico Gamer Redragon Kumara, RGB, Switch Outemu Blue, PT - K552RGB-1 (PT-BLUE);219
Teclado Mecânico Gamer Sem Fio Logitech G915 LIGHTSPEED RGB LIGHTSYNC, USB ou Bluetooth, Ultrafino, Switch GL Tactile, Preto - 920-008902;999
Teclado USB Multi, Padrão ABNT2, Slim, Preto - TC193BU;29
Teclado Sem Fio Logitech MX Keys Mini, Iluminação Smart, Bluetooth, USB, Easy-Switch, Recarregável, Cinza Claro - 920-010506;599
Teclado Mecânico Gamer HyperX Alloy Origins 60%, RGB, USB, HyperX Red Switch, Design Compacto, Anti-Ghosting, US, Preto - HKBO1S-RB-USG;519
Teclado Semi Mecânico Gamer Vinik VX Gaming Hydra, LED, ABNT2 - 25370;59
Teclado Office Hoopson, USB, Anti-Respingos, ABNT2, Preto - TPC-069;25
Teclado Mecânico Gamer Redragon Fizz, LED Rainbow, Switch Azul, TKL, USB-C, ABNT2, Preto - K617-R-B (PT-BLUE);169
Teclado E Mouse Sem Fio Logitech Mk345, Wireless, ABNT2, Bateria Longa Duração, Pilhas Inclusas, Preto - 920-006491;174
Teclado Mecânico Gamer Redragon Kumara, RGB, Switch Outemu Red, ABNT2, Branco - K552W-RGB (PT-RED);199
Teclado e Mouse Sem Fio Kross Wireless, USB, ABNT2, Preto - KE-KM558V1;69
Teclado Mecânico Gamer Logitech G PRO K/DA Layout US, RGB, TKL, Cabo Destacável, GX Brown Tactile, Edição League of Legends KDA - 920-010074;599
Teclado Mecânico Gamer Motospeed CK61 RGB, Switch Outemu Red, Branco - FMSTC0116BRO;199
Teclado Mecânico Gamer Redragon Lakshmi K606R 60%, LED Rainbow, Switch Redragon MK II, ABNT2, Preto - K606R (PT-BLUE);159
Teclado C3Tech KB-15BK, ABNT2 - KB-15BK;29
Teclado Mecânico Logitech G G413 SE, LED Branco, Anti-Ghosting, US, Preto - 920-010433;299
Teclado Membrana Gamer Redragon Shiva Lunar White, RGB Chroma, USB, ABNT2, Branco - K512W-RGB ABNT2;199
Teclado Mecânico Gamer Redragon Fizz RGB, Switch Azul, USB-C, ABNT2, Preto - K617-RGB-B (PT-BLUE);169
Teclado Mecânico Gamer Redragon Kumara, LED Vermelho, Switch Outemu Blue, PT - K552-2 (PT-BLUE);179
Teclado Multilaser Slim, Preto, Laser, USB - Tc193;25
Teclado Mecânico Gamer Husky Gaming Snow, TKL, RGB, Switch Outemu Blue, Preto  - HGMO009;179
Teclado Mecânico Gamer Husky Gaming Blizzard, 60%, RGB, Switch Gateron Blue, ABNT2, Branco - HGMO022;249
Teclado Semi Mecânico Gamer Warrior LED, ABNT2, Preto - TC196;109
Teclado Bright Padrão ABNT2 USB Preto 0014;29
Teclado sem fio Logitech K480 com Suporte Integrado para Smartphone e Tablet, Bluetooth Easy-Switch para 3 dispositivos - 920-006348;259
Teclado Mecânico Gamer Logitech G G413 TKL SE, LED Branco, Anti-Ghosting, US, Preto - 920-010442;249
Teclado e Mouse Sem Fio Philips, ABNT2 - SPT6501B;119
Teclado Hayom Básico, USB, ABNT2 - Tc3201;24
Teclado Mecânico Gamer HyperX Alloy Origins 65, Switch RED,  Layout 65%, US, Preto - 4P5D6AA#ABA;459
Teclado Mecânico Gamer Dazz 3x PRO V2, RGB, Switch Huano Blue, Anti-Ghost, Abnt2, Preto - 62000099;109
Teclado Mecânico Gamer Redragon Dark Avenger K568R, LED Rainbow, Switch Outemu MK2 Red, ABNT2, Preto - K568R (RED);198
Teclado Mecânico Dazz Cybertronic, Switch Blue;103
Teclado Gamer de Membrana Multi, LED Rainbow, 12 Hotkeys, Modo Game, Compacto, Preto - TC261;59
Teclado Mecânico Gamer Dazz Orion Essential, RGB, Switch YH Blue, ABNT2, Rosa - 62000132;139
Teclado Mecânico Gamer Redragon Horus, RGB, Switch Blue, ABNT2, Branco - K622W-RGB (PT-BLUE);289
Teclado Hoopson Standart Home Office, ABNT2 - TPC- 058;29
Teclado Gamer Logitech G213 Prodigy, RGB, Cabo 1.8 m, ABNT2, - 920-009438;257
Teclado Gamer Corsair K55 Pro Lite, RGB, USB, Anti-Ghosting, US, Preto - CH-9226065-NA;149
Teclado Mecânico Gamer Redragon Mitra, RGB, Switch Outemu Brown, ABNT2, Preto - K551RGB-1 (PT-BROWN);299
Teclado Mecânico Gamer HyperX Alloy Elite 2 RGB, Switch HyperX Red, US, Preto - 4P5N3AA#ABA;649
Teclado Mecânico Gamer HyperX Alloy Origins Core, RGB, USB, Switch HyperX Blue, Design Compacto, Anti-Ghosting, ABNT2, Preto - 4P5P2A2#AC4;499
Teclado Sem Fio Microsoft 850, ABNT2 - PZ300005;149
Teclado Gamer C3tech Kg-10bk , USB, ABNT2, Preto;24
Teclado Mecânico Gamer Redragon Surara Pro, RGB, Switch Redragon Optical Blue, ABNT2, Preto - K582RGB-PRO (PT-BLUE);344
Teclado Mecânico Gamer Bright Tank, LED, Switch Blue, US - GTC560;109
Teclado Mecanico Gamer T-Dagger Destroyer LED Rainbow, Anti-Ghosting, ABNT2, Switch Azul, Preto - T-TGK305-BL (PT-BLUE);198
Teclado e Mouse Sem Fio Microsoft Desktop 2000 - M7J00021;312
Teclado Gamer Rise Mode G1 Full, RGB Rainbow, USB, Branco - RM-TG-01-FW;49
Teclado e Mouse Microsoft Wired Desktop 600 Multimídia Resistente à Água ABNT2 - 3J200006;149
Teclado Mecânico Gamer HyperX HX 60 Alloy Origins AQU, Layout 60%, US, Preto - 56R61AA#ABA;419
Teclado Mecânico Redragon Horus, RGB, Switch Blue, ABNT2, Branco - K619W-RGB (PT-BLUE);328
Teclado Magnético Gamer Redragon Kumara Pro, RGB, Switch Blue, ABNT2, Preto - K552RGB-PRO (PT-BLUE);349
Teclado Logitech Multimidia  Preto,Sem Fio K270;123
Teclado e Mouse Sem Fio Logitech MK295, USB, ABNT2, com Teclado Numérico, Resistente à derramamentos ,Silent Touch, Wireles,s Multimídia, ABNT2, Preto - 920-009793;165
Teclado Mecânico Gamer HyperX Alloy Origins 65 HX Aqua, RGB, Layout 65%, US, Preto - 56R64AA#ABA;399
Teclado Mecânico Gamer Dazz Eclipse, LED, Switch Gateron Blue, ABNT2 - 625313;199
Teclado Mecânico Gamer Motospeed CK61 Essential, RGB, Switch Blue, ANSI, Preto - FMSTC0090AZL;179
Teclado Mecânico Gamer Redragon Kumara, RGB, Switch Outemu Blue, ABNT2, Branco - K552W-RGB (PT-BLUE);249
Teclado Gamer HyperX Alloy Origins RGB, Switch HyperX Red,  White / Pink, Layout US 60% -  572Y6AA;469
Teclado Mecânico Gamer HyperX Alloy MKW100, RGB, Switch Red, Full Size, US, Preto - 4P5E1AA#ABA;229
Teclado com fio USB Logitech K120 Resistente à Respingos e Layout ABNT2 -920-004423;64
Teclado Multi Slim Resistente à Água, ABNT2, Preto - TC193;32
Teclado e Mouse Microsoft Wired Desktop 600 Multimídia ABNT2 - APB00005;139
Teclado Mecânico Gamer HyperX Alloy Origins, RGB, Switch HyperX Red, ABNT2 - 4P4F6A2#AC4;409
Teclado Padrão Maxprint USB Preto 608145;22
Teclado Mecânico Gamer Husky Gaming Blizzard, Branco, 60%, Switch Gateron Red, ABNT2, RGB - HGMO001;319
Teclado Mecânico Gamer Redragon APS, RGB, Switch Redragon Brown, ABNT2, Preto - Low Profile - K607 RGB (PT-BROWN);179
Teclado e Mouse Sem Fio Microsoft, 850, ABNT 2 - PY900021;169
Teclado e Mouse Logitech MK540 Advanced Sem Fio Multimídia Tecnologia Unifying Cinza ABNT2 - 920-008674;198
Teclado Mecânico Gamer Husky Gaming Blizzard, Preto, 60%, Switch Gateron Red, ABNT2, RGB - HGMO000;299
Teclado Mecânico Gamer T-Dagger Bora, RGB, Switch Outemu Brown, PT, Preto - T-TGK315-BROWN;149
Teclado Mecanico Gamer T-Dagger Bora RGB, Switch Outemu Red, Anti-Ghosting, ABNT2, Preto - T-TGK315-RD (PT-RED);199
Teclado e Mouse sem fio Logitech MK295 com Digitação e Clique Silencioso, Conexão USB, Pilhas Inclusas e Layout ABNT2 - 920-009793;169
Teclado Mecânico Gamer Corsair K65, Mini 60%, RGB, USB, Switch Cherry Red - CH-9194010-NA;379
Teclado Mecânico Gamer T-Dagger Bora, RGB, Switch Outemu Blue, ABNT2 - T-TGK315-BLUE;149
Teclado Mecânico Gamer Redragon Fizz, Rainbow, Switch Brown, Preto - K617-R-B (PT-BROWN);139
Teclado Mecânico Gamer HyperX Alloy Origins Core, RGB, Switch HyperX Red, ABNT2 - 4P5P3A2#AC4;439
Teclado Mecânico Gamer Husky Gaming Blizzard, 60%, RGB, Switch Gateron Brown, ABNT2, Preto - HGMO025;249
Teclado Gamer Razer Cynosa V2, Chroma, Membrane Switch, US - RZ03-03400200-R3U1;279
Teclado Mecânico Gamer Redragon APS, RGB, Switch Redragon Blue, ABNT2, Preto - Low Profile - K607 RGB (PT-BLUE);179
Teclado Mecânico Gamer Redragon Kumara, RGB, Switch Outemu Brown, PT - K552RGB-1 (PT-BROWN);219
Teclado Mecânico Gamer Corsair K60 PRO, RGB, USB, Switch Cherry Cherry MX Low Profile Speed, Full Size - CH-910D018-NA;379
Teclado Mecânico Gamer Husky Gaming Blizzard, Rosa, 60%, Switch Gateron Red, ABNT2, RGB - HGMO002;299
Teclado C3tech Kb-15bk, USB, ABNT2, Anti-Respingo, Preto;19
Teclado Mecânico Gamer Redragon Mitra, LED Vermelho, Switch Outemu Red, ABNT2 - K551-1;199
Teclado Mecânico Gamer Husky Gaming Blizzard, 60%, RGB, Switch Gateron Brown, ABNT2, Branco - HGMO023;299
Teclado Gamer Dazz Rapid Fire Revolution, Rainbow, ABNT2 - 625203;49
Teclado Semi-Mecânico Gamer XPG RGB, US, Preto  - Infarex K10;89
Teclado Mecânico Gamer XPG Summoner, RGB, Switch Cherry MX Speed Silver, US;349
Teclado Microsoft Wired 600 Multimídia Resistente à Água ABNT2 - ANB00005;104
Teclado Mecânico Gamer Sem Fio Logitech G915 TKL RGB LIGHTSYNC, USB ou Bluetooth, Ultrafino, Switch GL Tactile, Branco - 920-009660;749
Teclado Logitech Desktop K120, USB, ABNT2, Teclas de perfil plano, Resistente a derramamentos, Preto - 920-002481;65
Teclado Mecânico Gamer Husky Gaming Snow, TKL, RGB, Switch Outemu Red, Preto - HGMO008;179
Teclado e Mouse Philips, ABNT2 - SPT6254;94
Teclado Mecânico Gamer Redragon Fizz, RGB, Switch Brown, Preto - K617-RGB-B (PT-BROWN);189
Teclado E Mouse Logitech MK120, Resistente À Água, 1000DPI, Preto, ABNT2 - 920-004429;104
Teclado sem fio Logitech MX Keys com Iluminação Inteligente, USB Unifying ou Bluetooth e Bateria Recarregável, ANSI - 920-009297;638
Teclado Mecânico Gamer HyperX Alloy Origins, RGB, Switch HyperX Blue, ABNT2 - 4P5P0A2#AC4;449
Teclado sem fio Logitech K270 com Teclas de Mídia de Fácil Acesso, Conexão USB, Pilhas Inclusas e Layout ABNT2 - 920-004427;125
Teclado Mecânico Gamer Husky Gaming Blizzard, 60%, RGB, Switch Gateron Blue, ABNT2, Preto - HGMO024;199
Teclado Mecânico Gamer Redragon Kumara, RGB, Switch Outemu Blue, PT - K552RGB-1 (PT-BLUE);219
Teclado Mecânico Gamer Sem Fio Logitech G915 LIGHTSPEED RGB LIGHTSYNC, USB ou Bluetooth, Ultrafino, Switch GL Tactile, Preto - 920-008902;999
Teclado USB Multi, Padrão ABNT2, Slim, Preto - TC193BU;29
Teclado Sem Fio Logitech MX Keys Mini, Iluminação Smart, Bluetooth, USB, Easy-Switch, Recarregável, Cinza Claro - 920-010506;599
Teclado Mecânico Gamer HyperX Alloy Origins 60%, RGB, USB, HyperX Red Switch, Design Compacto, Anti-Ghosting, US, Preto - HKBO1S-RB-USG;519
Teclado Semi Mecânico Gamer Vinik VX Gaming Hydra, LED, ABNT2 - 25370;59
Teclado Office Hoopson, USB, Anti-Respingos, ABNT2, Preto - TPC-069;25
Teclado Mecânico Gamer Redragon Fizz, LED Rainbow, Switch Azul, TKL, USB-C, ABNT2, Preto - K617-R-B (PT-BLUE);169
Teclado E Mouse Sem Fio Logitech Mk345, Wireless, ABNT2, Bateria Longa Duração, Pilhas Inclusas, Preto - 920-006491;174
Teclado Mecânico Gamer Redragon Kumara, RGB, Switch Outemu Red, ABNT2, Branco - K552W-RGB (PT-RED);199
Teclado e Mouse Sem Fio Kross Wireless, USB, ABNT2, Preto - KE-KM558V1;69
Teclado Mecânico Gamer Logitech G PRO K/DA Layout US, RGB, TKL, Cabo Destacável, GX Brown Tactile, Edição League of Legends KDA - 920-010074;599
Teclado Mecânico Gamer Motospeed CK61 RGB, Switch Outemu Red, Branco - FMSTC0116BRO;199
Teclado Mecânico Gamer Redragon Lakshmi K606R 60%, LED Rainbow, Switch Redragon MK II, ABNT2, Preto - K606R (PT-BLUE);159
Teclado C3Tech KB-15BK, ABNT2 - KB-15BK;29
Teclado Mecânico Logitech G G413 SE, LED Branco, Anti-Ghosting, US, Preto - 920-010433;299
Teclado Membrana Gamer Redragon Shiva Lunar White, RGB Chroma, USB, ABNT2, Branco - K512W-RGB ABNT2;199
Teclado Mecânico Gamer Redragon Fizz RGB, Switch Azul, USB-C, ABNT2, Preto - K617-RGB-B (PT-BLUE);169
Teclado Mecânico Gamer Redragon Kumara, LED Vermelho, Switch Outemu Blue, PT - K552-2 (PT-BLUE);179
Teclado Multilaser Slim, Preto, Laser, USB - Tc193;25
Teclado Mecânico Gamer Husky Gaming Snow, TKL, RGB, Switch Outemu Blue, Preto  - HGMO009;179
Teclado Mecânico Gamer Husky Gaming Blizzard, 60%, RGB, Switch Gateron Blue, ABNT2, Branco - HGMO022;249
Teclado Semi Mecânico Gamer Warrior LED, ABNT2, Preto - TC196;109
Teclado Bright Padrão ABNT2 USB Preto 0014;29
Teclado sem fio Logitech K480 com Suporte Integrado para Smartphone e Tablet, Bluetooth Easy-Switch para 3 dispositivos - 920-006348;259
Teclado Mecânico Gamer Logitech G G413 TKL SE, LED Branco, Anti-Ghosting, US, Preto - 920-010442;249
Teclado e Mouse Sem Fio Philips, ABNT2 - SPT6501B;119
Teclado Hayom Básico, USB, ABNT2 - Tc3201;24
Teclado Mecânico Gamer HyperX Alloy Origins 65, Switch RED,  Layout 65%, US, Preto - 4P5D6AA#ABA;459
Teclado Mecânico Gamer Dazz 3x PRO V2, RGB, Switch Huano Blue, Anti-Ghost, Abnt2, Preto - 62000099;109
Teclado Mecânico Gamer Redragon Dark Avenger K568R, LED Rainbow, Switch Outemu MK2 Red, ABNT2, Preto - K568R (RED);198
Teclado Mecânico Dazz Cybertronic, Switch Blue;103
Teclado Gamer de Membrana Multi, LED Rainbow, 12 Hotkeys, Modo Game, Compacto, Preto - TC261;59
Teclado Mecânico Gamer Dazz Orion Essential, RGB, Switch YH Blue, ABNT2, Rosa - 62000132;139
Teclado Mecânico Gamer Redragon Horus, RGB, Switch Blue, ABNT2, Branco - K622W-RGB (PT-BLUE);289
Teclado Hoopson Standart Home Office, ABNT2 - TPC- 058;29
Teclado Gamer Logitech G213 Prodigy, RGB, Cabo 1.8 m, ABNT2, - 920-009438;257
Teclado Gamer Corsair K55 Pro Lite, RGB, USB, Anti-Ghosting, US, Preto - CH-9226065-NA;149
Teclado Mecânico Gamer Redragon Mitra, RGB, Switch Outemu Brown, ABNT2, Preto - K551RGB-1 (PT-BROWN);299
Teclado Mecânico Gamer HyperX Alloy Elite 2 RGB, Switch HyperX Red, US, Preto - 4P5N3AA#ABA;649
Teclado Mecânico Gamer HyperX Alloy Origins Core, RGB, USB, Switch HyperX Blue, Design Compacto, Anti-Ghosting, ABNT2, Preto - 4P5P2A2#AC4;499
Teclado Sem Fio Microsoft 850, ABNT2 - PZ300005;149
Teclado Gamer C3tech Kg-10bk , USB, ABNT2, Preto;24
Teclado Mecânico Gamer Redragon Surara Pro, RGB, Switch Redragon Optical Blue, ABNT2, Preto - K582RGB-PRO (PT-BLUE);344
Teclado Mecânico Gamer Bright Tank, LED, Switch Blue, US - GTC560;109
Teclado Mecanico Gamer T-Dagger Destroyer LED Rainbow, Anti-Ghosting, ABNT2, Switch Azul, Preto - T-TGK305-BL (PT-BLUE);198
Teclado e Mouse Sem Fio Microsoft Desktop 2000 - M7J00021;312
Teclado Gamer Rise Mode G1 Full, RGB Rainbow, USB, Branco - RM-TG-01-FW;49
Teclado e Mouse Microsoft Wired Desktop 600 Multimídia Resistente à Água ABNT2 - 3J200006;149
Teclado Mecânico Gamer HyperX HX 60 Alloy Origins AQU, Layout 60%, US, Preto - 56R61AA#ABA;419
Teclado Mecânico Redragon Horus, RGB, Switch Blue, ABNT2, Branco - K619W-RGB (PT-BLUE);328
Teclado Magnético Gamer Redragon Kumara Pro, RGB, Switch Blue, ABNT2, Preto - K552RGB-PRO (PT-BLUE);349
Teclado Logitech Multimidia  Preto,Sem Fio K270;123
Teclado e Mouse Sem Fio Logitech MK295, USB, ABNT2, com Teclado Numérico, Resistente à derramamentos ,Silent Touch, Wireles,s Multimídia, ABNT2, Preto - 920-009793;165
Teclado Mecânico Gamer HyperX Alloy Origins 65 HX Aqua, RGB, Layout 65%, US, Preto - 56R64AA#ABA;399
Teclado Mecânico Gamer Dazz Eclipse, LED, Switch Gateron Blue, ABNT2 - 625313;199
Teclado Mecânico Gamer Motospeed CK61 Essential, RGB, Switch Blue, ANSI, Preto - FMSTC0090AZL;179
Teclado Mecânico Gamer Redragon Kumara, RGB, Switch Outemu Blue, ABNT2, Branco - K552W-RGB (PT-BLUE);249
Teclado Gamer HyperX Alloy Origins RGB, Switch HyperX Red,  White / Pink, Layout US 60% -  572Y6AA;469
Teclado Multi Multimidia Office, USB, com Apoio para Smartphone, Teclas Silenciosas, Preto - TC262;48
Teclado Brazilpc Usb Bpc-8236 Comum Preto 1.3m Box;21
Teclado Brazil Pc, USB, ABNT2, Teclas Multimídia, Preto - Bpc 8160;23
Teclado Mecânico Gamer Redragon Kumara, LED Vermelho, Switch Outemu Brown, PT - K552-2 (PT-BROWN);179
Teclado Gamer Hyperx Alloy Core, RGB, Membrana, Preto - HX-KB5ME2-BR;259
Teclado E Mouse Sem Fio Logitech MK270, Wireless, Receptor USB, ABNT2 - 920-004433;134
Teclado Mecânico Gamer Motospeed CK61 Essential, RGB, Switch Red, ANSI - FMSTC0091;179
Teclado Sem Fio Logitech Signature K650, Bluetooth, USB, Com Apoio para as Mãos, US, Grafite - 920-010911;249
Teclado Mecânico Gamer Motospeed CK61 RGB, Switch Outemu Blue, Branco - FMSTC0115BRO;249
Teclado Mecânico Gamer XPG Summoner, RGB, Switch Cherry MX Red, US;499
Teclado Com Fio, Multi Tc225, Abnt2, Conexão Ps2 Teclas Macias E Silenciosas;29
Teclado Mecânico Gamer Redragon Kumara, RGB, Switch Outemu Red, PT - K552RGB-1 (PT-RED);259
Teclado Mecânico Gamer Redragon Lakshmi, Rainbow Brown, Switch, ABNT2, Preto - K606R (PT-BROWN);149
Teclado e Mouse Sem Fio Brazil PC Bpc-5171/17, Receptor nano USB, Wireless, Teclas Slim, Sem fio avançado de 2,4 GHz, Preto;44
Teclado Mecânico Gamer T-Dagger Bermuda, LED Azul com Underglow Rainbow, Switch Outemu Blue, ABNT2, Preto - T-TGK312-BL (PT-BLUE LED);159
Teclado e Mouse Sem Fio Rapoo RA003, Bluetooth ou Wireless, ABNT2, Preto;144
Teclado Wireless Logitech K400 Plus 920-007125;136
Teclado sem fio Logitech K400 Plus TV com Touchpad Integrado, Conexão USB Unifying e Layout ABNT2 - 920-007125;179
Teclado Hoopson Stardard Home Office, Letras Grandes, ABNT2 - TPC-058 G;31
Teclado Gamer Sharkoon Skiller SGK50 S4, RGB, Switch Red, Layout 60 %, ABNT2, Preto - SGK50 S4 bk;349
Teclado Óptico Gamer Redragon Surara Pro RGB, Switch Vermelho, ABNT2, Keycaps ABS Doubleshot, Branco - K582W-RGB-PRO (PT-RED);309
Teclado Mecânico Gamer Redragon Fizz, RGB, Laranja + Preto + Cinza - Switch Mk.ii Diy Marrom;214
Teclado Mecânico Gamer Redragon Kala K557W, RGB, Switch Outemu MK2 Blue, ABNT2, Branco - K557W-RGB (BLUE);299
Teclado Mecânico Gamer Force One Keyboard Avro Pro, RGB, Switch Outemu Red, USB, Branco;249
Teclado C3Tech Multimídia, com Fio, ABNT2, USB, Preto - KB-M40BK;38
Teclado Maxprint Basic, USB, Cabo 1.5 Metros, Preto - 608145;24
Teclado hayom office usb - tc3203;30
Teclado Logitech Mx Keys, Bluetooth, Mini 920-010505, Grafite;710
Teclado Mecânico Gamer Redragon Kumara, LED Vermelho, Switch Outemu Red, ABNT2, Preto - K552-2 (PT-RED);219
Teclado Sem Fio Logitech K380, Bluetooth, Easy-Switch, US Lilás Lemonade - 920-011391;219
Teclado Mecânico Gamer Redragon Dark Avenger K568W, RGB, Switch Outemu MK2 Blue, ABNT2, Branco - K568W-RGB (BLUE);229
Teclado Multi Led Soft Silence, LED Branco, USB, ABNT2, Preto - TC268;69
Teclado Sem Fio Logitech Signature K650, Bluetooth, USB, Com Apoio para as Mãos, US, Branco - 920-010965;239
Teclado Gamer Rise Mode G1 Full, RGB Rainbow, USB, Preto - RM-TG-01-FB;49
Teclado com Fio Kross Multimídia, USB, ABNT2, Preto - KE-K106V3;34
Teclado Microsoft Wired Multimídia 600, Preto, USB - ANB-00005;119
Teclado Maxprint, PS2, ABNT2 - 60808-8;28
Teclado E Mouse Logitech Mk220 Sem Fio Compacto Abnt2 Preto;142
Teclado Magnético Gamer Redragon Kumara Pro, RGB, Switch Blue, ABNT2, Branco - K552W-RGB-PRO (PT-BLUE);299
Teclado Multi Slim - TC154;59
Teclado Vinik PS2 Corp, ABNT2 - 32143;39
Teclado Mecânico Gamer Sem Fio Logitech G715 LIGHTSPEED Switch GX Brown Tactile, RGB, Layout ABNT, Apoio em Formato de Nuvem - 920-010702;1299
Teclado Multimídia Teclas Redondas Usb Tc234 Preto;47
Teclado Multimídia Maxprint Techbest, USB, ABNT2, Preto - 60000073;29
Teclado E Mouse Multilaser Tc240, Com Fio USB, Slim, Preto;70
Teclado Sem Fio Logitech Signature K650, Bluetooth, Usb Preto Us - 920-010911;229
Teclado Multi ABNT2 - TC204;29
Teclado Óptico-Mecânico Redragon Surara Pro, RGB, Switch Redragon Optical Brown, ABNT2 - K582RGB-PRO (PT-BROWN);369
Teclado Multi Tc277, USB, ABNT2, Teclas Chocolate, Preto;52
Teclado Mecanico Gamer Redragon Daksa Lunar White, Rainbow, USB, Switch Red, Compacto, ABNT2, Branco - K576W-R (PT-RED);199
Teclado Mecânico Gamer Ducky One 2 TKL, RGB, Branco, Switch Cherry MX Red, USB-C Removível, US - DKON1787ST-RUSPDWWT1;649
Teclado Gamer Multi  Hotkeys Slim, ABNT, Preto e Verde - TC243;29
Teclado Mecânico Gamer Logitech G815 RGB LIGHTSYNC, Teclas Programáveis, USB Passthrough, Ultrafino, Switch GL Tactile - 920-008984;849
Teclado Mecânico Gamer Force One Keyboard Avro Pro, RGB, Switch Outemu Red, USB, Preto;179
Teclado Mecânico Gamer Redragon Dragonborn, RGB, Switch Brown, ABNT2, Branco e Rosa - K630WP-RGB (PT-BROWN);209
Teclado Semi Mecânico Gamer Vx Gaming Hydra, LED Vermelho, USB, ABNT2, Branco - Gth110bv;70
Teclado Apple Magic Keyboard, Para Ipad Pro 11, 2a Geração, Preto - Mxqt2bz/a;2069
Teclado Mecânico Gamer Redragon, Fizz, RGB, Preto, Switch Brown;195
Teclado K-Mex Slim Kb-6928, Abnt2 - Kb6928u0001cbox;31
Teclado Multimídia Fortrek MKL-101 Usb Abnt2;33
Teclado Compacto USB Dynamic, ABNT2, 1.8M, Preto - DT150;22
Teclado Mecânico Gamer Redragon Mitra K551-1, Iluminação Vermelha, Switch Outemu Blue, ABNT2, com Switch sobressalentes e cabo USB banhado a ouro;216
Teclado Mecânico Gamer Corsair K70 RGB TKL CHAMPION SERIES, Switch Cherry MX Speed, US, Preto - CH-9119014-NA;799
Teclado Sem Fio Logitech MX Keys Mini, Iluminação Smart, Bluetooth, USB, Easy-Switch, Recarregável, Grafite - 920-010505;649
Teclado Multi Multimídia USB Preto - TC206;37
Teclado Mecânico Gamer Redragon Mitra K551W, LED, Switch Redragon MK2 Brown, ABNT2, Branco - K551W (BROWN);199
Teclado Mecânico Gamer Fortrek Cruiser, RGB, Switch KRGD Crystal, ABNT2, Dark Grey - 70549;229
Teclado Bluetooth 3 Em 1 Android, Ios E Windows Multi - Tc220;142
Teclado Mecânico Gamer T-Dagger Bermuda, LED Branco com Underglow Rainbow, Switch Blue, ABNT2, Preto - T-TGK312-BL (PT-WHITE);179
Teclado Mecânico Gamer Fortrek GPro K7 Plus, RGB, Switch KRGD Blue, ABNT2;199
Teclado Magnético Gamer Redragon Kumara Pro, RGB, Switch Red, ABNT2, Branco - K552W-RGB-PRO (PT-RED);339
Teclado Gamer Rise Mode G1, RGB Rainbow, USB, Preto e Branco - RM-TG-01-BW;49
Teclado Mecânico Gamer Redragon Daksa, Rainbow, Switch Blue, ABNT2, Rosa e Branco - K576PW-R (PT-BLUE);179
Teclado Vinik Dynamic Circle, USB, ABNT2, Rosa - DC120R;74
Teclado Gamer Fortrek Blackfire New, LED Rainbow, Teclas Multimídia, ABNT2 - 75857;48
Teclado Usb Office Preto 015-0041;27
Teclado Com Fio, 3 Níveis, Ajustáveis, Teclas Silenciosas E Conexão USB, Preto - Tc144;38
Teclado Padrão Gigabyte Force K3, USB, ABNT2, Preto  - GK-FORCE K3/BR;59
Teclado Usb Multimidia Kb-m40bk Preto C3tech.;30
Teclado Mecânico Gamer Motospeed CK62, RGB, Bluetooth, Switch Outemu Blue, ANSI, Rosa - FMSTC0097RSA;299
Teclado USB, Newlink, Standard - Tc310 Preto;28
Teclado Semi Mecânico Gamer Warrior One Hand Drugi, LED - TC238;79
Teclado Multi, Multimídia, ABNT - TC234;52
Teclado Númerico C3Plus, USB, Preto - KN-11BK;31
Teclado Mecânico Gamer Dazz 3x PRO V2, LED, RGB, Switch Huano Blue, Anti-Ghosting, ABNT2 - 62000099;129
Teclado Gamer MSI Vigor GK20, Rainbow, USB, Anti-Ghosting, US, Preto - S11-04US261-CLA;119
Teclado Mecânico Gamer Redragon Lakshmi, Rainbow, Switch Brown, ABNT2, Branco e Rosa - K606WP-R (PT-BROWN);199
Teclado Sem Fio Magic Keyboard Apple para Mac, Bluetooth, Conector Lightning USB-C, Branco - MK2A3BZ/A;1074
Teclado Gamer Multimidia Fortrek Blackfire New, Rainbow RGB, ABNT2, Preto - 75857;49
Teclado Com Fio Mecânico Gamer Adata XPG Infarex K10, LED RGB, Sem Bluetooth, Switch Mecânico, Anti-Ghosting, ABNT2, Preto;94
Teclado Sem Fio Logitech, Bluetooth, US - 920-007564;184
Teclado Sem Fio Logitech K380 Bluetooth LED Cinza Areia;245
Teclado e Mouse Rise Mode Office OF 01, USB, ABNT2, Preto - RM-TM-01-FB;49
Teclado Magnético Gamer Redragon Kumara Pro, RGB, Switch Brown, ABNT2, Branco - K552W-RGB-PRO (PT-BROWN);379
Teclado Gamer Dragon V2 Azul - GT102;31
Teclado Mecânico Gamer Gamdias Hermes E2, LED Azul, Preto, Switch Azul, Anti-Ghosting, ABNT2;159
Teclado e Mouse Sem Fio Lenovo Essential, USB, ABNT2, Preto - 4x30m39463;229
Teclado Gamer Razer Huntsman Mini 60 Switch Purple Mercury;756
Teclado Mecânico Gamer C3tech KGM-1200BK, LED RGB, Switch Blue, Anti-Ghosting, Apoio de punho, ABNT2;232
Teclado e Mouse Sem Fio Multi Multimídia Slim 2.4Ghz ABNT2 Branco - TC203;169
Teclado Mecânico Gamer Redragon Dark Avenger K568R, LED Rainbow, Switch Outemu MK2 Brown, ABNT - K568R (BROWN);219
Teclado Gamer Mecânico Ducky Channel One 2 Mini v2 RGB, USB 2.0, Switch Cherry MX Red, Preto - DKON2061ST-RUSPDAZT1;549
Teclado Sem Fio Intelbras Wireless, ABNT2, Teclado Numérico - 4293200;97
Teclado Usb Gamer K-mex Led Rgb Semi-mecânico Shuriken -kmj9;91
Teclado Multimidia Usb Oex Slim Flat Preto TC300;51
Teclado Gamer Trust GXT 833 Thado, LED Rainbow, TKL, USB, ABNT2, Preto - 24295;109
Teclado Mecânico Gamer Redragon Dark Avanger, Rainbow, Switch Blue, ABNT2, Branco Lunar White - K568W-R (PT-BLUE);199
Teclado Maxprint Office Universitário, USB, ABNT2, Padrão com 107 teclas, Cabo de 1.35 m;19
Teclado Mecânico Gamer Redragon Fizz, RGB Laranja + Cinza + Preto - Switch Mk.ii Diy Marrom;214
Teclado Mecânico Gamer Redragon Mitra, RGB, Switch Outemu Blue, ABNT2, Preto - K551RGB-1 (PT-BLUE);299
Teclado Flexível - Dk-14;57
Teclado Sem Fio Mecânico Gamer Razer BlackWidow V3 Pro, Chroma, Razer Switch Green, US - RZ03-03530200-R3U1;1799
Teclado Gamer Warrior Clancy RGB, Função Macro e ABNT2, Preto - TC241;89
Teclado Mecânico AKKO Clear 5075S, RGB, Switch Jelly Black, ABNT2, Preto - 6925758623704;639
Teclado Lenovo Preferred Pro 2 Usb - Br 4x30m86884;129
Teclado E Mouse, 1200 Dpi, Intelbras, Csi50, Sem Fio, Preto;130
Teclado Mecânico Gamer Gamdias Hermes E2, LED Branco, Switch Blue, ABNT2;322
Teclado Mecânico Gamer Redragon Mitra, LED Vermelho, Switch Black, N-Key Rollover, Anti-Ghosting, ABNT2;235
Teclado Gamer Redragon Karura 2, RGB, ABNT2, Silencioso C/ Apoio de Pulso, Preto - K502RGB;202
Teclado Gamer Óptico Redragon Surara, Switch Outemu Blue Opto-Meânico, ABNT2 - K582RGB-PRO;343
Teclado Mecânico Gamer Redragon Mitra Red K551, Swiches Outemu Red, ABNT2, Led Vermelho;270
Teclado Multimídia Multi, Preto, Usb - TC206;32
Teclado Gamer, Genius Scorpion, USB, K210 - Preto;49
Teclado Gamer Motospeed K70, LED Rainbow, ANSI - FMSTC0022PT;79
Teclado Mecânico Redragon Horus, RGB, Switch Blue, ABNT2, Preto;419
Teclado Multi Slim Tc213, USB, ABNT2, Preto;34
Teclado Mecânico Gamer Redragon Lakshmi, Rainbow, Switch Brown, ABNT2, Rosa e Branco - K606PW-R (PT-BROWN);198
Teclado Mecânico Gamer Redragon Keyboard Dragonborn, RGB, Switch Blue, ABNT 2, Branco e Rosa - K630WP-RGB (PT-BLUE);219
Teclado Óptico Mecânico Redragon Broadsword Pro, RGB, Switch Red, ABNT2, Branco - K588W-RGB-PRO (PT-RED);369
Teclado Mecânico Gamer Akko 3098S Drácula Castle, RGB, Switch Jelly Pink, ANSI  - 6925758616829;649
Teclado Mecânico Gamer Dazz Eclipse, LED Switch Gateron Blue, Preto - 625313;150
Teclado Gamer C3tech, LED RGB, Preto, USB, ABNT2 - KG-60BK;86
Teclado Genius Slimstar 126 Preto (usb / Tecla Chocolate Slim / Sem Borda / F1-f2 Customizavel);53
Teclado E Mouse Gamer Exbom Rgb Bk-g3000;169
Teclado Mecânico Gamer, Redragon Lakshmi, 60%, Led Rainbow, Preto, Switch Outemu Brown, Abnt2 K606R (brown);177
Teclado Ergonômico Goldentec;161
Teclado C3Tech KB2237-BK Multimídia USB, ABNT2, Preto;48
Teclado Gamer Multimidia Multi Slim, Teclas Gamer Destacadas, ABNT2, Branco - TC267;39
Teclado Mecânico Gamer Redragon Daksa Lunar White, Rainbow, Switch Blue, ABNT2, Branco - K576W-R (PT-BLUE);199
Teclado Mecânico Gamer Duck One 2 Phantom, Anti-Ghost, Switch Brown, Preto - DKON1808-BUSPDAABW;549
Teclado Satechi, USB, Aluminio Prata - ST-AMWKS;379
Teclado Mecânico Gamer Redragon Dark Avanger, Rainbow, Switch Red, ABNT2, Branco Lunar White - K568W-R (PT-RED);209
Teclado Soft Pcyes, USB, 2 Metros, ABNT2, Preto - PTOSF2AB;79
Teclado Gamer Vinik VX Protector, LED 7 Cores, USB, Teclas Multimídia, Anti-Ghosting, Suporte Smartphone, ABNT2, Preto - GT800;159
Teclado e Mouse Sem Fio C3Tech, Nano Receptor USB, ABNT2, Preto/Vermelho - K-W100BK;109
Teclado Mecânico Gamer Dazz Eclipse V2, RGB, Switch Huano Blue, Anti-Ghost, Abnt2, Preto - 62000105;159
Teclado Casio Arranjador Musical Intermediario Digital Ct-x5000, Cor:preto;2664
Teclado Mecanico Gamer Apex 7 Tkl, Brown Switch, RGB Steelseries, 64747;1214
Teclado Com Fio, Light 3 Níveis, Ajustáveis, Teclas Silenciosas E Conexão USB, Preto - Tc268;70
Teclado Mecânico Gamer Redragon Lakshmi Sunrise - Led Branco + Switch Mk.ii Marrom;188
Teclado Newlink USB, ABNT2, Resistente à Água, 107 teclas, Preto - Tc308;21
Teclado C/ Fio Redragon Kumara, K552-2 Mecânico Gamer, Abnt2, Vermelho, Switch Brown, PT,;214
Teclado Mecânico Gamer Fortrek Black Hawk, Rainbow, Grafite, Switch KRGD Blue, ABNT2, Double Shot - 70548;148
Teclado Multi TC204, USB, ABNT2, Acabamento em Metal, 19 Teclas Anti-Ghosting, Cabo Trançado de 1.5M, Preto;37
Teclado Mecânico Gamer Razer Blackwidow V3 Tenkeyless Chroma, Switch Green Us;1083
Teclado Microsoft Wireless 850 Preto - Pz3-00005;167
Teclado Gamer Redragon Membrana Dyaus 2, ABNT2, RGB, 11 Teclas Multimídia, Preto - K509RGB;199
Teclado Gamer Razer Tartarus V2 Chroma;1049
Teclado Numérico Bright, Retrátil - 0134;38
Teclado Mecânico Gamer Redragon Dark Avenger K568W, RGB, Switch Outemu MK2 Brown, ABNT2, Branco - K568W-RGB (BROWN);269
Teclado Mecânico Gamer Redragon Kumara K552W, LED, Switch Redragon MK2 Red, ABNT2, Branco - K552W-2 (RED);219
Teclado Gamer Mecânico Ducky Channel One 2 SF RGB, USB 2.0, Switch Cherry MX Red, Compacto 65%, Preto - DKON1967ST-RUSPDAZT1;549
Teclado Mecanico Gamer T-Dagger Bermuda RGB, Switch Outemu MK.2 DIY Blue, Anti-Ghosting, ABNT2, Preto - T-TGK312-BL RGB;249
Teclado Gamer Logitech Mecânico K835 Tkl 920-010086;362
Teclado Mecânico Gamer Sem Fio, Logitech G915 Tkl, RGB Lightsync, USB Ou Bluetooth, Switch Gl Tactile, Preto - 920-009495;1234
Teclado Gamer Hyperx Alloy, FPS, RGB, Mecânico - HX-KB1SS2-US;410
Teclado e Mouse  C3Tech, USB 2.0, ABNT2, Sensor Óptico, Teclado Membrana, +  Headset MaxPrint Basic, 44mm, 20Hz, P2, Preto;134
Teclado Mecânico Gamer Logitech G Pro  920-009388, RGB Lightsync, Preto, switch GX Blue;687
Teclado K-mex Multimídia Compacto Km-w128 Usb Preto - Kmw128u0001cb0x;42
Teclado Gamer Mecânico Gamesir Sem Fio, Wireless, Bluetooth E USB, Switch TTC Blue, Preto - GK300;455
Teclado Mecânico Gamer Redragon Dark Avenger, Rainbow Branco e Rosa, Switch Blue, ABNT2, Branco - K568WP-R (PT-BLUE);189
Teclado Gamer Steelseries Apex 9 TKL, RGB,  Switch Ópticos OptiPoint, USB tipo-C, US, Preto - 64847;1399
Teclado Mecânico Gamer Akko One Piece Year Of Tiger SP 5108S, RGB, Switch Jelly Pink, ANSI - 6925758618717;649
Teclado Numérico C3tech Kn-11bk, Usb, 19 Teclas, Membrana, Preto;44
Teclado Multimídia Fortrek Olk101, USB 2.0, ABNT2, Preto - 75858;32
Teclado Gertec Pr Tec 44 Usb - 00409880;499
Teclado Magnético Gamer Redragon Kumara Pro, RGB, Preto, Switch Azul - K552;355
Teclado Semi Mecânico Gamer Exbom Battle, LED RGB, Anti-Ghosting, ABNT2 - Bk-151c;99
Teclado Mecânico Gamer Akko Clear Black 5075s, Switch Jelly Black, ABNT2 - Preto;899
Teclado Brazil Pc, USB, Padrão - Bpc-8236;25
Teclado Arranjador Yamaha PSR-F52, 61 teclas, 136 vozes, 158 estilos de auto acompanhamento, 69 músicas integradas, Preto;1079
Teclado e Mouse Rapoo Sem Fio 8050t Bluetooth 2.4 Ghz, Pilha, Branco, Ra004;144
Teclado Gamer Fortrek Spider Black, RGB, 10 Teclas Multimídias, ABNT2, Preto  - 75853;55
Teclado e Mouse Microsoft Wired Desktop 600, USB, ABNT2, Resistente a respingos, Preto - APB00005;136
Teclado Gamer Óptico Redragon Surara, Switch Outemu Brown Opto-Meânico, ABNT2 - K582RGB-PRO;333
Teclado Mecânico Gamer Redragon, Kumara, K552W-RGB, RGB, Lunar White, Switch, Red PT, Com fio;281
Teclado Multimídia Daily, Usb Abnt 2 Mks-vsc8168 Mymax Com Enter Grande;26
Teclado Gamer K-mex Km-5228, Teclas Multimídias,  Anti Ghosting, ABNT2;50
Teclado Movitec Office Multimidia, Abnt2, Otf-01;35
Teclado Gamer Vinik VX Hydra, LED Azul, Preto, ABNT2 - GT700;52
Teclado Sem Fio Chip Sce Wireless 2.4GHZ Office Premium 5+ 015-0061;83
Teclado Valianty Basic, USB, ABNT2, Preto - Km-101;26
Teclado C3Tech C3Plus KB-15BK Padrão USB, ABNT2, Preto;31
Teclado Gamer Com Fio Cougar Vantar, LED, ABNT2, Switch Scissor - 37VANXNMB.0004;208
Teclado Gamer Semi Mecanico, Retroiluminado, Led RGB PTBr;77
Teclado Gamer Nemesis+ Mouse Nemesis Nmx Dpi Ajustável Macro Iluminação Led Kg-01n;380
Teclado Gamer Redragon Karura Luluca Rgb Abnt2;169
Teclado Mecânico Gamer Husky Gaming HailStorm, Branco, RGB, 65%, Switch  Gateron Red, ABNT2 - HGMO007;349
Teclado Usb Multimidia Maxprint Techbest - Abnt2 - 60000073;31
Teclado Mecânico Gamer Redragon Lakshmi Lunar White, Rainbow, Switch Blue, Layout 60%, ABNT2, Branco - K606W-R (PT-BLUE);199
Teclado Mecânico Gamer Fortrek G Black Edition GPro Plus K7, RGB, Switch KRGD Blue, ABNT2, Preto - 74752;259
Teclado Mecânico Gamer Ducky One 2 Pudding TKL, RGB, Switch Cherry MX Red, Anti-Ghosting, USB-C Removível, US - DKON1787ST-RUSPDAZTP;749
Teclado Óptico Gamer Redragon Surara Pro RGB, Switch Azul, ABNT2, Keycaps ABS Doubleshot, Branco - K582W-RGB-PRO (PT-BLUE);319
Teclado Óptico Gamer Redragon Surara Pro RGB, Switch Marrom, ABNT2, Keycaps ABS Doubleshot, Branco - K582W-RGB-PRO (PT-BROWN);379
Teclado Mecânico Gamer Redragon Lakshmi Daylight - Led Branco + Switch Mk.ii Marrom;188
Teclado Gamer Sem Fio Logitech G715, Aurora Lightspeed RGB, Mecânico Switch Gx Red Linear, Bluetooth - Branco;1080
Teclado Óptico Gamer Redragon Brahma Pro RGB Preto - Switch Brow;500
Teclado Bluetooth Gamer Redragon Mecanico Fizz Pro Preto RGB K616rGB;320
Teclado Gamer Mecanico Logitech G715, Tactile Sem Fio, RGB - Branco;1217
Teclado Mecânico Gamer Logitech G713, Coleção Aurora, Switch GX Red Linear, RGB LIGHTSYNC, Layout ABNT, Apoio para Mãos, Branco - 920-010705;1099
Teclado Mecânico Akko 3068S Shine Through, RGB, USB, Branco - 6925758619400;499
Teclado Mecânico Gamer Redragon Kala, RGB Branco e Rosa, Switch Blue, ABNT2, Branco - K557WP-RGB (PT-BLUE);318
Teclado Retroiluminado Satechi Slim W1, USB-C, Cinza Espacial - ST-UCSW1M;359
Teclado Rapoo, Nk1800, Preto - Ra018;48
Teclado Mecânico Gamer Logitech G512 Carbon com Layout ABNT2, RGB LIGHTSYNC, USB Passthrough, Switch Exclusivo GX Brown - 920-009400;649
Teclado Chocolate Slim Multimidia 1.8 Metros Usb - Tc100;45
Teclado Óptico Gamer Redragon Brahma Pro, RGB, Switch Red, Anti-Ghosting, ABNT2, Preto - K586RGB-PRO (PT-RED);529
Teclado Mecânico Gamer Redragon APS, RGB, Switch Blue, ABNT2, Branco - K607W-RGB (PT-BLUE);249
Teclado Maxprint Multimídia Concept PRO, USB, ABNT2, Preto - 60000143;44
Teclado Gamer Vx Gaming Kraken + Mouse 2400 Dpi, Led 3 Cores, Cabo USB 1.8 Metros - Vgc-02;79
Teclado e Mouse Sem Fio Microsoft Multimídia Desktop 900 - PT300005;349
Teclado Gamer, Hyperx Mars, Rgb, Mecânico Us, Switch Outemu Blue - HX-KB3BL3-US/R4.;619
Teclado Gamer Cougar Vantar AX, RGB, Switch Scissor, Anti-Ghosting, 19 teclas Rollover, US - Cgr-wrxmi-vaa;237
Teclado Brazilpc Gamer Usb Semi Mecanico Gamer, Bpc-k7038, Preto, Iluminacao Rainbow Box;62
Teclado E Mouse Sem Fio Exbom Slim PC,  Wi-fi USB, ABNT2, Teclas Baixas, Baixa Espessura, Branco;123
Teclado Semi-mecânico Gamer Kmex Spartacus, LED RGB, Anti-Ghosting, ABNT2, Preto - Kb-a328;57
Teclado USB Basic ABNT 2, Possui 107 Teclas, Bright - 14;26
Teclado Gamer Lenovo Legion K500 RGB Preto -Gy40t26478;494
Teclado Mecânico Gamer Sem Fio Razer Pro Type Ultra, LED Branco, Bluetooth, Razer Switch Yellow, US, Mercury White - RZ03-04110200-R3U1;1299
Teclado Mecânico Gamer Duck One 2 SF, RGB, Branco, Switch Red, Anti-Ghost, USB-C Removível, Layout 65% - DKON1967ST-RUSPDWWT1;549
Teclado Mecânico Gamer Ducky One 2 Pudding, RGB, Switch Cherry MX Red, Anti-Ghosting, USB-C Removível, US - DKON1808ST-RUSPDAZTP;849
Teclado Gamer Multi, LED Rainbow, Base Metálica, ABNT2, Branco - TC259;69
Teclado Mecânico Gamer Akko World Tour Tokyo R1 3087, Switch Orange, ANSI, Rosa e Branco - 6925758604789;429
Teclado E Mouse Vinik Sem Fio, Usb, Dynamic Corp Abnt2/1600 Dpi Preto - Cmw200.;87
Teclado Genius LuxeMate 100 USB 31300725107 Preto;38
Teclado Gamer Fortrek Spider, Resistente ao Derramamento de Água, 8 Teclas Multimídia, ABNT2 - Gk706;43
Teclado Mecânico Gamer Óptico Redragon Brahma Pro RGB ABNT2 Switch Outemu Blue - K586RGB-PRO;486
Teclado Gamer Multi Multimídia Slim Com Hotkeys Preto e Vermelho - TC242;54
Teclado Mecânico Gamer Redragon Mitra, K551RGB-1, RGB, Switch Outemu Red, ABNT2, Double Shot, Preto;402
Teclado OEX Gamer Prismatic, ABNT2, LED Rainbow, Branco - TC205;169
Teclado Mecânico Gamer Redragon Mitra Lunar, Switch Blue, N-Key, Rollover, Anti-Ghosting, ABNT2 - K551W-RGB;247
Teclado Gamer Dazz Rapid Fire Revolution, LED Rainbow, Anti-Ghosting, ABNT2 - 625203;54
Teclado, Mouse, Mousepad e Headset Dazz, USB, ABNT 2, Arsenal 4 em 1  - 625237;305
Teclado Mecânico Gamer Redragon Dark Avenger, RGB, Switch Outemu Brown,ABNT2 - K568W-RGB;242
Teclado Digital Yamaha Piaggero, 61 Teclas, 64 Notas de Polifonia, Reverb, Preto - Np-12b;1650
Teclado Mecânico Gamer Adamantiun Excalibur, LED, com Switch Brown Marrom, Teclas Cromadas;259
Teclado Gamer Razer Cynosa V2, Chroma, RGB, Preto, Switch Membrane, US;416
Teclado + Mouse Dynamic Abnt2 1000 Dpi Usb 1.8 Metros Preto - Cd100;51
Teclado Gamer Knup KP-2060, LED RGB,  Qwerty, Teclas tipo Chocolate, ABNT2;99
Teclado Semi-Mecânico Gamer Fortrek Holt Rainbown, RGB, Grafite, ABNT2 Cabo Trançado Com Teclas Multimídia - HOLT;120
Teclado Gamer Corsair K55, RGB, Switch Rubber Dome, Anti-ghosting, ABNT2 - Ch-9206015-br;457
Teclado Mecânico Gamer Logitech G815 Tactile, RGB, Switch GL Tactile US, com fio;849
Teclado Numérico Multi, Com Fio Retratil, Usb - Tc230;30
Teclado Mecânico Gamer Bright Tank, LED, Switch Blue, US - GTC560;144
Teclado Gertec Tec, 44 Teclas, Programáveis USB, Com Display 00409871;602
Teclado C3tech Kb-12bk, USB, ABNT2, Preto;35
Teclado Vinik Dragon Vx Gamer, USB, ABNT2, Preto E Azul;37
Teclado Mecânico Gamer Redragon Fizz, Preto, RGB, Switch Vermelho, Abnt2;194
Teclado Gamer, Razer, Mecânico, Blackwidow V3 Tenkeyless, Chroma Razer RGB, Switch Yellow, Us;1030
Teclado E Mouse sem fio Fire Phoenix, Wireless, para Notebook, Ultrafino;113
Teclado Multi ABNT2 - TC065;37
Teclado e Mouse Sem Fio Multi Multimídia Slim 2.4Ghz ABNT2 Preto - TC202;199
Teclado Mecânico Gamer Fallen Ace RGB, Switch Gateron Blue, ABNT2, Branco;599
Teclado Mecânico Gamer Fallen Ace, RGB, Switch Gateron Black, ABNT2, Branco;599
Teclado Mecânico Gamer Motospeed K27, LED Rainbow, Switch Outemu Red, ANSI;129
Teclado Redragon Lakshmi Laranja Preto Cinza Switch Brown Pt;190
Teclado Chocolate Usb Dynamic Abnt2 1.8M Preto - Dt160;41
Teclado Mouse  Exbom Bk-s1000 Kit Home Office, Sem Fio, Branco;74
Teclado Dell, USB, Teclado Numérico;199
Teclado Óptico-mecânico Gamer Razer Huntsman Mini, Chroma, Switch Red - Rz03-03390200-r3m1;828
Teclado e Mouse Rise Mode Office OF 02, USB, ABNT2, Preto - RM-TM-02-FB;59
Teclado e Mouse Sem Fio Rapoo X1800s, Qwerty, USB 3.0, com Teclado Numérico, Design Funcional, Plug and Play, Preto  - Ra001;108
Teclado Mecânico Gamer Logitech G713 Switch GX Brown Tactile, RGB LIGHTSYNC, Layout ABNT,  Apoio para Mãos em Formato de Nuvem, Branco - 920-010701;1099
Teclado Mecânico Akko 3084S Shine Through, RGB, USB, Preto - 6925758619424;559
Teclado Mecânico Gamer Logitech G G815, RGB, USB, Switch GL Tactile, US, Branco - 920-011354;899
Teclado Mecânico Gamer Redragon Dragonborn, RGB, Switch Brown, ABNT2, Rosa e Branco - K630PW-RGB (PT-BROWN);209
Teclado Sem Fio Mecânico Gamer Akko 3068B Plus, RGB, Switch TTC Demon, ANSI, Preto e Rosa - 6925758617468;619
Teclado Mecânico Gamer Akko Naruto Sasuke 3108V2, Switch Akko Pink, ANSI - 6925758683395;499
Teclado Magnético Gamer Redragon Kumara Pro, RGB, Switch Red, ABNT2, Preto - K552RGB-PRO (PT-RED);369
Teclado Vinik Bluetooth, ABNT, para Tablet e Smartphone, Preto - Dt200;133
Teclado Mecânico Gamer Redragon Dragonborn, RGB, Switch Blue, ABNT2, Preto - K630RGB-1;219
Teclado Mecânico Sem fio Akko 3068B Plus, RGB, Bluetooth, USB, Preto - 6925758619264;599
Teclado Gamer Redragon Shiva, RGB Branco e Rosa, ABNT2, Branco - K512PW-RGB;219
Teclado Mecânico Dazz MK-60, RGB, Bluetooth, Switch Huano, Anti-Ghosting, US, Preto - 62000096;319
Teclado Philips SPK6254, USB, ABNT2, Preto;69
Teclado Mecânico Gamer Redragon Lakshmi, Rainbow, Switch Blue, ABNT2, Rosa e Branco - K606PW-R (PT-BLUE);189
Teclado Mecânico Gamer Akko 3098S World Tour London, RGB, Switch Jelly Pink, ANSI - 6925758616850;579
Teclado Mecânico Gamer Akko ACR Pro 75-S, RGB, Switch Akko CS Crystal, ANSI, Preto - 6925758620758;929
Teclado Redragon Brancoala Karura, RGB, USB, ABNT2, Estampa Brancoala - B502RGB (PT);219
Teclado Redragon Luluca Karura, USB, ABNT2, Estampa Luluca - L502;179
Teclado Usb Multimidia Dynamic Circle Abnt2 Teclas Redondas Cabo Usb 1.8m Branco - Dc110b;60
Teclado Vinik Padrão USB DYNAMIC Resistente a Água DT100 28411;37
Teclado E Mouse Sem Fio Rapoo 8200T, Bluetooth, ABNT2, Função Multimídia, Preto - Ra005;241
Teclado K-MEX  Kp-2301, Numérico, LED indicador;29
Teclado Portátil Arranjador Yamaha Mini, 37 Teclas, Metrônomo, HQ mini, 32 Polifonia, Preto - PSS-A50;744
Teclado Mecânico Gamer Compacto Redragon Fizz Lunar White Rgb K617-rgb-w;238
Teclado E Mouse Sem Fio C3tech K-w60bk, ABNT2, Tecla Membrana, Sensor Óptico;102
Teclado Targus Sem Fio, Bluetooth 5.1, Antimicrobiano Us, Preto - Akb863us;185
Teclado Mecânico Gamer Gamdias Hermes E3 RGB, USB 2.0, Switch Brown, Layout ANSI, Branco - HERMES E3 RGB(US/BROWN/WH);249
Teclado Mecânico Gamer Adamantiun  Excalibur AK-4000, LED, Switch Azul, Full Anti-Ghosting, US;269
Teclado Sem Fio Maxprint Tv Plus - Touchpad Multitoque Integrado - Abnt2 - 6014276;103
Teclado Mecânico Redragon Fizz Rainbow Branco 60% Abnt2 Blue;226
Teclado E Mouse Genius SlimStar C126, USB, ABNT2, 12 Teclas Função Multimídia, Tecla Chocolate, 4 Teclas de Atalho, Preto - 31330007408;74
Teclado Hp K200, Preto, Pt ,Com Fio;99
Teclado Usb Soft Wireless Com Multimídia Dedicado Ptosfwab 108069 Pcyes;106
Teclado sem fio Logitech Mx Keys Business, Bluetooth - Bt 920-010243;929
Teclado Multimídia Profissional USB;139
Teclado Gamer Membrana Trust Thado Gxt833 Rgb Anti-ghosting;109
Teclado Logitech Mx Mechanical Sem Fio 920-010760;1187
Teclado Mecânico Gamer Redragon Kumara RGB, Switches Redragon Preto, ABNT2, Lunar White - K552W-RGB (PT-BLACK);269
Teclado Sem Fio Logitech MX Keys Mini, Iluminação Smart, Bluetooth, USB, Easy-Switch, Recarregável, Rosa - 920-010507;642
Teclado Mecânico Gamer Fortrek Black Halk, LED, Switch Outemu Brown, ABNT2, Preto - 75939;169
Tecladoo Mecânico Gamer Dazz Orion Essential, RGB, Switch YH Blue, ABNT2, Preto - 62000130;169
Teclado Classic Pcyes, USB 2 Metros, ABNT2, Preto - PTOCL2AB;69
Teclado Gamer Evus Thunder, Tc-05, Com Led, ABNT2;131
Teclado Sem Fio Oex Tc504, Abnt2, Bluetooth Prime Comp C/ Todos Sistemas Operacionais;174
Teclado Mecanico Gamer Logitech G512 Carbon Gx - 920-009400.;749
Teclado e Mouse Logitech Mk120, USB, ABNT, Alta Definição, Preto - 920-004429;147
Teclado Sem Fio Logitech Mx Keys, Bluetooth, USB, Receptor Unifying, Iluminação - 920-009297;659
Teclado Sem Fio Logitech Ergo K860 C/ Descanso De Pulso – Multi Device - Bluetooth - Usb;657
Teclado E Mouse Sem Fio B-Max, Wireless, Ultra Slim, Preto;134
Teclado Usb Slim Vinik Chocolate Tcb200 65396;55
Teclado E Mouse Sem Fio Rapoo X1800s, ABNT2, 2.4 Ghz, Branco - Ra002;105
Teclado USB Gamer, LED, Backlight Hawke, Evolut, Box - Eg-206;54
Teclado E Mouse Sem Fio Bright 585, Wireless, Ergonômico, Teclas Redondas, Plug and Play, Resistente à água;119
Teclado e Mouse Sem Fio Sades V2020, Wireless, 2.4Ghz, Rosa;189
Teclado Com Fio Usb Básico Preto Ke-k095v3 1 Un Kross Elegance;28
Teclado Arranjador Yamaha, Psr-e273, 61 Teclas, Preto;1138
Teclado & Mouse Gamer Vx Gaming Grifo, Mouse 2400 Dpi, Cabo, Usb 1.8 Metros, Led Azul - Vgc-01a;66
Teclado Usb Maxprint Multimidia 2.0 6013160;30
Teclado Usb Gamer Membrana K300 Led Preto;117
Teclado Mecânico Gamer Evolut Shodan, RGB, Preto, Switch Outemu Red, Double Shot, US - TKL ANSI - EG-203RG;221
Teclado Mecânico Gamer Singlecolor Redragon, Kumara Switch Azul -  K552;229
Teclado Mecânico Gamer Redragon Dark Avenger, Branco, Switch Outemu Brown, RGB ABNT2 - K568W-RGB;306
Teclado Mecânico Gamer Redragon Kumara, LED Vermelho, Switchs Mecânico Outemu DIY MK2 Brown, Anti-Ghosting, ABNT2 - K552W-2-BRown;238
Teclado Mecânico Gamer Redragon Dark Avenger, Switch Outemu Red, LED Rainbow, ABNT2 - K568R (Red);247
Teclado Gamer Knup com 12 Teclas Multimídia, 3 Cores de Iluminação, Anti Ghost, ABNT 2 - KP-2043/A;63
Teclado Mecânico Gamer T-Dagger Battleship T-TGK301-BL Rainbow, Switch Blue PT, com fio;257
Teclado e Mouse Sem Fio Exbom Semi-Mecânico, USB, LEd e Acabamento de Metal - BK-G3000;104
Teclado Gamer Logitech G413 Carbon, Mecânico, Abnt2 - 920-009162;747
Teclado Monocron Office, 13 Teclas Multimídia, Plug and Play, ABNT2, Preto - Mn8260;53
Teclado Numerico Usb Kn-11bk Preto C3 Plus;26
Teclado e Mouse Sem Fio Multi TC202, ABNT2, 2.4 Ghz Slim, USB, Preto;161
Teclado Preto Usb Mini Flat Oex Abnt2 Tc301;54
Teclado Gamer Vinik VX Hydra, LED Vermelho, Preto, ABNT2 - GT702;50
Teclado Sem Fio Mecânico Gamer Logitech G915 Lightspeed, Bluetooth, Design Ultrafino, RGB, Switch Gl Tactile Marrom, US;1499
Teclado Redragon  Mecânico Gamer Dragonborn, RGB, 60%, Switch Vermelho, Abnt2, Preto;265
Teclado Redragon Óptico-mecânico Gamer Broadsword Pro Rgb, Switch Marrom, Abnt2;459
Teclado Gamer Redragon Lakshmi Rainbow, Switch Azul - K606r;209
Teclado Com Fio Mecânico Gamer Aoc Agon Agk700, Rgb, Switch Cherry Mx Blue, Abnt2 - Agk700d81b;779
Teclado Mecânico Gamer Redragon Mitra, Switch RGB Outemu Blue, ABNT2, Double Shot - K551RGB-1;275
Teclado Razer Huntsman Mini 60% Analog Switch Rz03-04340200-r3u1;1114
Teclado Gamer Knup, LED RGB, Preto, Anti-Ghosting, ABNT2 - KP-2050;129
Teclado Newlink Usb Level Preto/vermelho TC308;32
Teclado Mecânico Gamer Redragon Kama, RGB, Switches Redragon Low Profile Blue, Anti-Ghosting, N-Key Rollover, ABNT2 - K578-RGB;407
Teclado Mecanico Gamer Steelseries 64734 Apex Pro Tkl Us;1632
Teclado Sem Fio Logitech Signature K650 USB Branco;253
Teclado Sem Fio Logitech Signature K650 USB Grafite;253
Teclado Mecânico Akko World Tour London 3098S, RGB, USB, Verde - 6925758615471;739
Teclado Dukie Mini, Usb, Para Computador, Notebook, Pequeno, Slim;55
Teclado Redragon Magnetico Kumara Pro K552, RGB, Switch Red, Preto;399
Teclado Redragon Magnetico Kumara Pro K552w, RGB, Switch Brown, Branco;430
Teclado Mecânico Gamer Redragon Kala, RGB, Switch Blue Branco Com Rosa, abnt2 - K557wp;399
Teclado Gertec 44 Teclas, Display, Preto, Com Cabo Usb;749
Teclado e Mouse C3Plus Wireless, ABNT2, 1000DPI - K-W11BK.;63
Teclado Gamer Membrana Tripla 114 Teclas Iluminado Enemy Tgen Elg;134
Teclado Sem Fio Mecanico Gamer Redragon Deimos,Preto, RGB  - K599-KRS;457
Teclado + Mouse Vinik, ABNT2, 1200DPI, USB, Preto - CC200;58
Teclado Mecânico Gamer Ducky Channel One 2 Skyline, Switch Cherry MX Brown - DKON1808-BUSPDZHBS;649
Teclado Mecânico Gamer Motospeed CK95, LED Azul, Switch Outemu Blue, US;199
Teclado Mecânico Gamer Motospeed CK95, LED Azul, Switch Outemu Brown, US;199
Teclado Numérico Multi Retrátil, USB - TC230;29
Teclado Fortrek Padrão, USB, Standard, Preto - SKL-106;27
Teclado Mecânico Gamer Dazz Orion, RGB, Switch Gateron Blue, ABNT2 - 62000022;349
Teclado Gamer Com Multimidia Led Rgb Usb Teclas Macro - Tc3204 Hayom;170
Teclado Mecânico Gamer Redragon Dark Avenger K568W, RGB, Switch Outemu MK2 Black, ABNT2, Branco - K568W-RGB (BLACK);279
Teclado Mecânico Gamer Redragon Mitra K551W, LED, Switch Redragon MK2 Blue, ABNT2, Branco - K551W (BLUE);199
Teclado Mecânico Gamer Cooler Master SK620, Compacto, RGB, Switch Low Profile Red, US, Prata/Branco - SK-620-SKTR1-US;309
Teclado Mecânico Gamer Redragon Kumara, RGB, Switch Outemu Brown, ABNT2, Branco - K552W-RGB (PT-BROWN);259
Teclado Gamer Ranger, Evolut, C/ Fio, Iluminação Rainbow - Eg207;59
Teclado Mecânico Gamer Redragon Kumara, RGB, Switch Outemu Black, PT - K552RGB-1 (PT-BLACK);279
Teclado Ps2 Corp Abnt2 Cabo 1.8 Metros 107 Teclas Preto - Ct200;39
Teclado Mecânico Gamer Redragon Kumara K552W, LED, Switch Redragon MK2 Brown, ABNT2, Branco - K552W-2 (BROWN);209
Teclado Mecânico Gamer Redragon Kumara K552W, LED, Switch Redragon MK2 Black, ABNT2, Branco - K552W-2 (BLACK);210
Teclado Mecânico Gamer Redragon Mitra, RGB, Switch Outemu Red, ABNT2, Branco - K551W-RGB (PT-RED);299
Teclado Mecânico Gamer Redragon Kumara Single Color, Switch Outemu Blue, ABNT2, Branco - K552W-2 (PT-BLUE);249
Teclado Mecânico Redragon, Mitra, Preto, RGB, Switch Outemu Brown - K551;337
Teclado Mecânico Gamer Evus TC-07B, Earthquake;239
Teclado Mecânico Gamer Fortrek GPRO K7, RGB Rainbow, USB, Switch Blue, ABNT2, Preto - 74751;199
Teclado P/  Notebook Dell Latitude E5420  Padrão Br;169
Teclado Mecânico Gamer Gamdias Hermes E3, RGB, Switch Blue ANSI, Branco;384
Teclado Mecânico Sem Fio Akko World Tour Tokyo R2 3068B Plus, RGB, Bluetooth e USB, Rosa e Branco - 6925758618885;679
Teclado Mecânico Gamer Redragon Kala, RGB Branco e Rosa, Switch Brown, ABNT2, Branco - K557PW-RGB (PT-BROWN);299
Teclado Mecânico Gamer Redragon Kala, RGB Branco e Rosa, Switch Brown, ABNT2, Branco - K557WP-RGB (PT-BROWN);319
Teclado Mecânico Gamer Redragon Mitra, Branco Switch Brown, Led RGB - K551W-RGB;283
Teclado Arranjador Yamaha Psr-sx900 Portátil Com 61 Teclas;16060
Teclado Mecânico Gamer Redragon Lakshmi, Rainbow, Switch Blue, ABNT2, Branco e Rosa - K606WP-R (PT-BLUE);189
Teclado Mecânico Gamer Redragon Mitra, RGB, Switch Blue, ABNT2, Branco e Rosa - K551WP-RGB (PT-BLUE);279
Teclado Mecânico Gamer Redragon Mitra, RGB, Switch Brown, ABNT2, Rosa e Branco - K551PW-RGB (PT-BROWN);289
Teclado Mecânico Gamer Redragon Keyboard Dragonborn, RGB, Switch Blue, ABNT2, Rosa e Branco - K630PW-RGB (PT-BLUE);219
Teclado Gamer Steelseries Apex 9 Mini, RGB, Switch Ópticos OptiPoint, USB tipo-C, US, Preto - 64837;1299
Teclado Óptico Gamer Redragon Brahma Pro, RGB, Switch Brown, Anti-Ghosting, ABNT2, Preto - K586RGB-PRO (PT-BROWN);529
Teclado  Sem fio Mecânico Gamer Akko 3084B Plus World Tour Tokyo, RGB, Switch Jelly Purple, Wireless, ANSI - 6925758620635;759
Teclado Mecânico Gamer Akko ACR Pro Alice, RGB, Switch Akko CS Silver, ANSI, Branco - 6925758620734;999
Teclado Mecânico Gamer Akko ACR Pro Alice-s, RGB, Switch Akko CS Silver, ANSI, Preto - 6925758620741;984
Teclado Mecânico Gamer Akko One Piece Year Of Tiger SP 5108S, RGB, Switch CS Silver, ANSI - 6925758618700;719
Teclado Mecânico Gamer Hello Kitty 5108S Peking Opera A, RGB, Switch Akko Sakura, ANSI - 6925758618212;649
Teclado Óptico Gamer Redragon Brahma Pro, RGB, Switch Blue, ABNT2, Branco - K586W-RGB-PRO (PT-BLUE);449
Teclado Óptico Gamer Redragon Brahma Pro, RGB, Switch Brown, ABNT2, Branco - K586W-RGB-PRO (PT-BROWN);479
Teclado Óptico Gamer Redragon Brahma Pro, RGB, Switch Red, ABNT2, Branco - K586W-RGB-PRO (PT-RED);459
Teclado Sem Fio C3Tech Multi-Device, Bluetooth, com Suporte para Smartphone, Preto - K-BT200BK;129
Teclado Mecânico Gamer Redragon Fizz, RGB, Branco, Swich Brown;329
Teclado Mecânico Gamer Redragon Kala, RGB, ABNT2, Switch, DIY, Outemu Brown - K557W;419
Teclado Gamer, Com Iluminacao Led Rgb - Kp-2040;129
Teclado Mecânico Gamer Redragon Dark Avenger, Switch Outemu Black, RGB, ABNT2, Branco - K568W-RGB (BLACK);347
Teclado Semi-Mecânico Gamer Lehmox, RGB, Preto, ABNT2  - Gt-t5;109
Teclado Usb, Standard Home Office Tpc-069, Hoopson;27
Teclado Gamer Dragon V2 Vermelho -  GT100;29
Teclado Mecânico Gamer Redragon Shrapnel, RGB, Preto, Anti-Ghosting, US;351
Teclado Gamer Evus TC-10W Candy;82
Teclado Gamer Mecânico Fizz, Preto, Abnt2, K617-r-b;198
Teclado Mecânico Gamer Redragon Kumara, Branco, Switch Outemu Blue, LED Vermelho, ABNT2 - K552W-2 (BLUE);233
Teclado Mecânico Gamer Redragon Kumara, LED Vermelho, Switch Red, Anti-Ghosting, Teclas Multimídia, ABNT2 - K552W-2;227
Teclado Mecânico Gamer Redragon Dark Avenger, Switch Outemu Brown, LED Rainbow, ABNT2 - K568R;263
Teclado Redragon Mecanico Gamer Daksa Preto Rkeyboard Switch Red Abnt2 K576r-1;228
Teclado Com Fio Targus C/ 108 Teclas Abnt Compatível Com Windows E Mac Usb - Akb30.;61
Teclado Mecânico Gamer Redragon Fizz, LED Rainbow, Switch Marrom, N-Key Rollover, ABNT2 - K617-R-W;204
Teclado Com Fio Usb Pop Slim Teclas Redondas Abnt2 Tc400 Branco - Oex.;81
Teclado Mecânico Gamer HP GK400F, USB, LED Azul, Switch Blue, ABNT2, Preto;266
Teclado Mecânico Gamer Clanm King Preto Rgb Switch Vermelho Cl-tk87;213
Teclado  Para Notebook HP, Probook, 440, G5,  Br-iluminado;289
Teclado Gamer OEX Rainbow TC302, Teclas baixas e Silenciosas, USB, Preto - ABNT2;179
Teclado Mecânico Gamer Redragon Mitra, LED Vermelho, Switch Black, Teclas Multimídia, À prova de respingos, ABNT2 - K551W;267
Teclado para Notebook Vaio Fe14 Vjfe42f11x, Padrão Br, Preto;287
Teclado Mecânico Gamer Redragon Visnu, Switch Outemu Blue Rainbow, ABNT2 - K561R-1 (BLUE);275
Teclado Redragon Mecânico Gamer Dragonborn, RGB, 60%, Switch Azul, Preto, Abnt2;265
Teclado Mecânico Gamer Logitech G713 RGB Lightsync, Com Switch Gx Brown Tactile - 920-010701;1139
Teclado Mecânico Gamer Fortrek Black Hawk, Preto, Switch Brown, ABNT2, Compact;200
Teclado Mecânico Gamer Redragon Dark Avenger, RGB, Switch Red, PT Com Fio - K568-2;271
Teclado Mecânico Gamer Óptico Redragon Magic-wand Lunar White Switch Outemu Brown Diy Rgb Abnt2 K587wrgb-pro;356
Teclado MeMBrana Gamer Clanm Jungle Cl-tj8313,Preto.;67
Teclado Mecânico Gamer HP Gk100, RGB, ABNT2;379
Teclado Arranjador Psr-e373 Preto Yamaha;1905
Teclado Hyperx, Alloy Origins 60 por cento, Mecânico, Rgb, Us, Hkbo1s-rb-usg;834
Teclado Mecanico Gamer Daksa Branco Redragon Rainbow Switch Vermelho Abnt2 K576w-red;210
Teclado Notebook FTI para Lenovo Thinkpad T490, E480, BR, Sem Iluminação;309
Teclado Mecânico Redragon Fizz Rainbow Preto 60% Abnt2 Blue;211
Teclado Gamer Mecanico Tkl Neron Black Outemu Blue Rgb Pnohblrgb Pcyes;239
Teclado USB Gamer VX Gaming Draco, Com Macros, Multimídia, LED 3 Cores, Cabo 1.8 Mts, ABNT2, Preto - GT400;100
Teclado Mecânico Gamer Redragon Anivia, RGB, Switch Vermelho, Layout 60, Anti-Ghosting, ABNT2 - K561RGB-2;339
Teclado VX Gaming Hydra, com Backlight em 03 Cores - Vinik;74
Teclado Multilaser Tc263, Multimídia Office, USB Com Apoio Para Smartphone, Branco E Azul;37
Teclado Mecânico, Motospeed Ck101, RGB Preto Switch, Azul - Fmstc0008azl;427
Teclado Mecânico Gamer Motospeed Ck61, Branco, RGB, Switch Vermelho - Fmstc0116bro;407
Teclado Musical Casiotone Basico Digital Vermelho Ct-s200rdc2-br;730
Teclado Gamer Mecânico, Havit, Kb-871l, RGB, Rosa Quartz - Rosa;239
Teclado Para Central De Alarme Xat 4000 Lcd Intelbras;256
Teclado Mecânico Gamer Redragon Kumara, RGB, Switch Outemu Blue, Anti-Ghosting, ABNT2 - K552RGB-1 PT;284
Teclado Gamer Mecânico, Warrior, Macro Kane, Preto - TC235;600
Teclado Gamer Red Keys, USB, Multimídia - TC160;35
Teclado  Semi Mecânico Gamer Warrior One Hand, LED, Software para customização de macros, Teclas programáveis - TC238;61
Teclado Arranjador Yamaha Psr-ew310 - Bivolt;2350
Teclado Mecânico Gamer Redragon Kumara, Branco, Switch Outemu Black, LED Vermelho, ABNT2 - K552W-2;265
Teclado Mecânico Gamer Redragon, Dark Avenger, RGB, Switch Blue, com fio - K568-2;235
Teclado Mecânico Prunus Lannesiana 3068B Plus, RGB, Branco e Rosa - 6925758619301;649
Teclado Numérico Sem Fio Satechi St-salkpm;599
Teclado Gamer Hoopson, USB, AVNT2 - TPC-036;38
Teclado Mecânico Gamer Logitech Mx Mechanical Mini, Sem Fio, Bluetooth, Preto;1092
Teclado Mecânico, Nzxt Function RGB, Switch Vermelho Us - Branco;1083
Teclado Gamer Logitech G713, Aurora Lightspeed RGB, Mecânico Switch Gx Red Linear Abnt2, Branco - 920-010705;929
Teclado  P/ Notebook Lenovo  Thinkpad E470 - Br Sem Iluminação;349
Teclado Sem Fio, Logitech K380, Bluetooth Lilás Us - 920-011391;248
Teclado Gamer Rapoo Vpro,  Retroiluminado, Preto - Ra029;142
Teclado e Mouse Vinik Vx Gaming Striker, USB, ABNT2, 6 teclas multimídia, 7 cores de LED;191
Teclado Arranjador Casio Casiotone, 61 Teclas, Metrônomo -  Ct-s100c2-br;847
Teclado Magnetico Gamer Kumara Pro RGB Preto Switch Brown ABNT2;397
Teclado Gamer Mecanico Evolut Programavel Eg214 Dawn blue Switch, Teclas Pudding Com Fio;187
Teclado E Mouse Gamer Rgb Exbom Bk-g3000 Preto;169
Teclado Gamer Hayom LED RGB Abnt2 Português Doo Brasil Semi Mecânico Pc Computador Notebook Celular Resistente;189
Teclado Inboxmobile Bluetooth Sem Fio, Android, Ios, Ipad, Mac;49
Teclado Mecânico Sem fio Akko 3068B Plus, RGB, Bluetooth, USB, Preto e Rosa - 6925758619257;699
Teclado E Mouse Sem Fio, 2.4Ghz, USB Preto - Tc244.;134
Teclado Mecânico Gamer Redragon Lakshmi, LED Rainbow, Switch Outemu Red,  N-Key, ABNT2 - K606W-R;183
Teclado Mecânico Gamer Redragon Brahma, RGB, Outemu Optical Red Switches, ABNT, Preto;500
Teclado Mecânico Gamer Redragon Kala, RGB,  Switch DIY Outemu Red,ABNT2, Branco - K557W;343
Teclado Gamer Trust Ziva, LED RGB, QWERTY, Prova de Respingos, US;119
Teclado Chocolate Slim Multimídia, Teclas Redondas, Led Branco, 1.8 Metros USB- Tc200;69
Teclado Usb Multimidia Dynamic Circle Abnt2 Teclas Redondas Cabo Usb 1.8m Preto - Dc100p;60
Teclado Mecânico Gamer Redragon Kumara Rgb Lunar White Switch Outemu Black Abnt2 - K552w-rgb;413
Teclado De Piano Em Silicone Musical Para Comp. E Smartphone - Kh-pn37;99
Teclado Gamer Redragon Karura 2, ABNT2, Com Apoio De Pulso, USB, Branco - K502W-N;130
Teclado Vulcan Oex Tc603;249
Teclado Redragon, Dragonborn Rosa Branco, RGB Switch Brown Pt;274
Teclado Redragon, Dragonborn, Branco Rosa, RGB Switch Azul Abnt;252
Teclado Bluetooth, Tablet Celular Notebook, Sem Fio, Macio - Branco;77
Teclado Gamer Hyperx  Alloy Fps Rgb Preto - Hx-kb1ss2-us;793
Teclado Gamer HP K110, Preto, LED RGB 4 Cores, USB;186
Teclado + Mouse Sem Fio Multi, ABNT - TC231;129
Teclado Com Fio Multi TC210 Gamer Usb, Abnt, Warrior Zuberi Superfície Metal LED;344
Teclado Gamer Multi TC261, LED RGB, Preto, ABNT2;97
Teclado Notebook para Dell Vostro 3500, 3400, 3300, V3400, BR, Preto;229
Teclado Mecânico Gamer Hoopson, RGB, Switch Outemu Blue, ISO - TPC-049 MG;478
Teclado Notebook FTI para Positivo Motion, C4500d, C4128d, C464d, BR, Preto;259
Teclado sem Fio Apple Magic Keyboard Mla22ll/a;1415
Teclado Mecânico Gamer Logitech G815, Design ultrafino, RGB, Switch GL Tactile, US - 920-008984;1440
Teclado Mecânico Gamer T-Dagger Bora, Switch Outemu Brown, LED RGB, ABNT2 - T-TGK315-BR;232
Teclado Mecânico Gamer Redragon Kumara, RGB, Switch Brown, Anti-Ghosting, ABNT2 - K552RGB-1;260
Teclado Newlink, ABNT2, Usb Level, Preto/azul - TC308;32
Teclado Mecânico Warrior Gamer Macro Kane, USB, Anti-Ghosting, Preto - TC236;313
Teclado Mecâncio Gamer Redragon Kumara K552W-RGB,  Lunar White Switch Blue PT com fio;253
Teclado Mecânico Gamer, Redragon Aryaman, K569-1 RGB Switch Blue com fio;367
Teclado Mecânico Gamer Redragon Dark Avenger, Branco, Switch, Outemu Red, RGB ABNT2 - K568W;294
Teclado Mecânico Gamer Redragon, Magic-Wand Pro, RGB Switch Blue, ABNT - K587RGB-PRO;480
Teclado Mecânico Redragon Surara Pro, RGB, Branco, Switch Azul Óptico, Abnt2 - K582W-RGB-PRO;347
Teclado Mecânico Gamer Redragon Mitra, LED Vermelho, Switch RED, Anti-ghosting, Teclas Flutuantes, ABNT2;244
Teclado Bluetooth P/ipad Encore Enzsuntw-a4 Preto;179
Teclado Mecânico Gamer Gamdias Hermes E3 RGB, Switch, Branco,  Red;390
Teclado Mecânico Gamer Redragon Mitra, Switch Red, ABNT2, Teclas Multimídia, Anti ghosting - K551W-RGB;281
Teclado Gamer Bright, ABNT2, Preto/Amarelo - 183;44
Teclado Gamer Mecânico ELG com 87 Teclas, Iluminação LED 7 cores, Switches Outemu Blue  - TGML;382
Teclado Gamer Semi-Mecânico Knup, RGB, Anti-Ghosting, Multimídia, USB, ABNT2 - KP-TM009;119
Teclado Mecânico Com Fio Elg Flktm002 Flakes Power Hyper Anti Ghosting Iluminação Rainbow 7 Cores;325
Teclado Gamer Redragon Membrana Harpe, Preto, RGB, ABNT2, K503RGB;168
Teclado Com Touchpad Logitech K400 Plus - Wireless / Espanhol - Preto;186
Teclado Mecânico Gamer Redragon Broadsword Pro RGB, Switch Redragon Blue, ABNT2 - K588rgb-pro;394
Teclado Numérico, USB, Goldentec;46
Teclado Gamer Mecanico Rgb Bloody B500n USB - Preto.;278
Teclado Redragon, Dragonborn, Branco Rosa, RGB Switch, Marrom Pt;274
Teclado Óptico Gamer Redragon Surara Pro RGB, Switch Vermelho, Abnt2, Keycaps Abs Doubleshot, Branco;357
Teclado Gamer Redragon Daksa, Rainbow, Mecânico, Abnt2, Switch Outemu Brown - K576R-1 PT-BROWN;238
Teclado Gamer HP K500F, LED RGB, Teclas Multimídia, ABNT2 - 7zz97aa#ac4;94
Teclado Mecânico Gamer Fortrek  Cruiser, RGB, Switch KRGD Crystal, ABNT2, Cinza Escuro - 70549;183
Teclado Gamer Multi, Sensibilidade Mecânica, Preto - TC196;131
Teclado Mecânico Gamer Motospeed CK62, RGB, Bluetooth, Preto, Switch Azul, Anti-ghosting, US;539
Teclado Gamer Blade Função Macro Anti-Ghosting Led 3 Cores Tc203 Oex;178
Teclado Gamer Steelseries Apex 3, RGB, Anti-ghosting, Switches Whisper-quiet, Us - 64795;599
Teclado Gamer Mecânico USB Gamemax - Kg801;197
Teclado Mecânico Gamer OEX Spectrum, LED RGB, Preto, Switch Blue, Anti-ghosting, ABNT - TC602;278
Teclado Mecânico Gamer Redragon Horus Tkl, RGB, Switch Blue, ABNT2, Branco;352
Teclado Mecânico Gamer, Redragon Lakshm,i Led Rainbow, Preto, Switch Outemu Red, ABNT2 - K606r;213
Teclado Mecânico Gamer Kross Elegance, LED Colorido, Switch Azul Outemu, Anti-Ghosting, Fun USB Strafing - KE-KG130;239
Teclado Mecânico Gamer Draxen DN202, RGB, Switch Outemu Blue, Anti-ghosting, ABNT2;240
Teclado Gamer Mecanico Tkl Led Rainbow - Tc258;214
Teclado Gamer Optico Redragon Surara PRO, ABNT2, Switch Outemu, Red Opto-Mecanico - K582RGB;347
Teclado Mecânico Gamer Motospeed CK61 Essential, RGB, Preto, Switch Blue, Anti-ghosting, US - FMSTC0090AZL;264
Teclado Redragon, Dragonborn Rosa Branco, RGB Switch Azul Pt;274
Teclado Gamer Vx Gaming Defender Abnt2 Multimidia Led 7 Cores 1.8 Metros Usb - Gt300;95
Teclado Gamer C3Tech KG-50BK, LED RGB, USB, ABNT2, 19 Teclas, Antighosting;106
Teclado Mecânico Akko Compact Monets Pond Switch Orange;543
Teclado Gamer Vx Gaming Protector Abnt2 Multimidia Led 7 Cores Usb Com Suporte Smartphone - Gt800;106
Teclado Mini Remie  Yamaha,Pss-e30,Branco;516
Teclado Wireless 2.4ghz Office 5+ 015-0081;78
Teclado Mecânico Gamer T-Dagger Destroyer, LED Rainbow, Switch Red, Abnt2 - T-TGK305-RD;311
Teclado Mecânico Gamer Trust Asta Gtx 865 Rainbow Us Com Fio;577
Teclado Mecânico Gamer Dazz Mk-60, RGB,Switch Blue Us, Com Fio;372
Teclado Standard, Usb Abnt Ii, Preto - MKS-VSC170/USB;32
Teclado Knup Gamer Usb Teclas Azuis Kp-2044;44
Teclado Mecânico Gamer Rapoo Vpro, Retroiluminado, V700rgb Alloy - Ra030;358
Teclado Membrana Redragon Harpe 2, RGB, ABNT 2 Preto - K503RGB;183
Teclado Mecânico Gamer  Draxen DN201, RGB, Switch Outemu Blue, Anti-ghosting, ABNT2;194
Teclado Gamer Vx Gaming Armor Abnt2 Multimidia, LED 7 Cores 1.8 M, USB, Sensação Mecânica, Apoio De Pulso Magnético - Gt500;73
Teclado Sem Fio Knup, Bluetooth, ABNT2, Multimídia;77
Teclado Gamer Acer Nitro Tkl Nkw202 Led Retroiluminado RGB Customizável USB ABNT 2;299
Teclado  Mecânico Gamer Wolf Tc605, LED Rainbow, Switch Outemu Brown, Anti-Ghosting,  ABNT, Branco;299
Teclado Multimidia Office Usb Preto Com Apoio Para Smartphone Tc262;46
Teclado Mecânico Redragon Fizz Rgb Branco/rosa K616 Us Red;599
Teclado Mecânico Gamer Redragon Infernal Viserion, RGB - Id582;406
Teclado Mecânico Gamer Redragon Magic Wand Pro K587, RGB, Switch Brown, 5 switchs adicionais, Anti-Ghosting, N Key Rollover, ABNT2 - K587rgb-pro;534
Teclado Mecânico Gamer Motospeed Ck82, RGB, Rosa, Switch Blue;479
Teclado Gamer, Vx Gaming Dragon V2, ABNT2 1.8M, Preto Com Verde - Gt104;31
Teclado Gamer Com Fio Razer Huntsman Mini Mercury Linear Branco - Rz03-03390400-r3m1;1234
Teclado Gamer Óptico K587 Magic Wand Pro Rgb Switch Blue Redragon;352
Teclado Gamer Mecânico Oex, USB,Typhoon,Rgb -Tc606;279
Teclado Numérico Com Fio USB 2.0 Knup 18 Teclas Plug and Play Preto Notebook PC - KP-2003A;23
Teclado Mecanico Sem Fio Logitech Mx Mechanical Mini, Iluminacao, Switch Tactile Quiet, Bluetooth, U;1019
Teclado Mecânico Adamantiun Karambit Ak-2000v;249
Teclado Logitech K120, USB, Abnt2, Preto;68
Teclado Notebook para HP Zbook 15, G1, G2, BR, Preto;439
Teclado Magic Keyboard Apple para Mac, Bluetooth, com Teclado Numérico e Conector Lightning, Padrão US, Prata - MQ052BZ/A;1499
Teclado Gaming Trust, USB, GXT 856 Torac;158
Teclado Hoopson Gamer Mecanico Rgb Switch Azul Tpc-075-bc;183
Teclado Gamer, Fortrek Blackfire, Rainbow, USB, Abnt2, Preto - 75661;52
Teclado Gamer Vinik VX Hydra, LED Background Azul, 12 Teclas Multimídia, ABNT2, Preto ? GT700;63
Teclado K-MEX,  com Teclado numérico, Teclas de atalho;71
Teclado Mecânico Gamer Husky Gaming HailStorm, Preto - RGB, 65%, Switch Gateron Red, ABNT2 - HGMO006;349
Teclado Chocolate Slim Multimídia Vinik, ABNT2, USB, Branco - TCB200;59
Teclado Gamer Acer Nitro TKL, RGB Led Rainbow, Anti-Ghosting, ABNT2, USB - NKW120;162
Teclado Apex 3 Steelseries, RGB, Anti-Ghosting, Switches Whisper-Quiet, ABNT - 64796;499
Teclado Satechi Slim W3, USB-C, Padrão US, Teclas Retro Iluminadas, Space Grey - ST-UCSW3M;599
Teclado Mecânico Sem Fio Logitech POP Keys, Switch Brown, Bluetooth, Teclas Emoji Personalizáveis, USB, Amarelo Blast - 920-010710;619
Teclado Mecânico Sem Fio Logitech POP Keys, Switch Brown, Bluetooth, Teclas Emoji Personalizáveis, USB, Daydream - 920-010711;579
Teclado Mecânico Gamer Logitech G PRO Edição League Of Legends, Lightsync RGB, Compacto, Switch Brown, USB Removível, Azul - 920-010533;639
Teclado Mecânico Redragon Dark Avenger, RGB, Switch Blue, ANSI - K568rgb-1;257
Teclado Mecânico Gamer Duck One 2 Horizon, Switch Brown, Preto, Azul e Amarelo - DKON1808-BUSPDZBBH;579
Teclado Magnético Gamer Redragon Kumara Pro Lunar White, RGB, Switch Azul;346
Teclado Gamer Mecanico Ziggy Led Rainbow Oex Game Tc607 Rosa;289
Teclado Gamer Ballistic Cinetic - Dazz;112
Teclado OEX Standard TC102, USB, Preto;31
Teclado Óptico Gamer Redragon Brahma Broadsword Pro, RGB, Switch Red, Anti-Ghosting, ABNT2, Preto - K588RGB-PRO (PT-RED);499
Teclado Usb Com Fio Abnt2 Preto C3 Plus Kb-11bk V2;37
Teclado Mecânico Gamer Motospeed CK61, RGB, Branco, Switch Azul, Layout 60%, Anti-ghosting, US - FMSTC0115BRO;384
Teclado Multimidia Usb Premium Mks6350 Abnt Ii - Mymax;36
Teclado Sem Fio para Smart TV com Touch Pad Maxprint, 1200DPI, ABNT2, Preto - 6014276;168
Teclado Mecânico 60 Por cento Zot Outemu Blue Hotswap Led Vermelho;227
Teclado Logitech Pop Keys - Coral - Sem Fio - 920-010711-c;608
Teclado Gamer Vx Gaming Hydra Branco ABNT2, Multimídia Com Led Azul, Sensacao Mecanica USB 1.8m - Gth100ba;86
Teclado Mecânico A+ Plus Tech Khan Ap-kb-3993 Rainbow Switch Outemu Brown Abnt2.;231
Teclado Gamer Mecânico Akko Steam Engine , Jelly Yellow- Branco;899
Teclado Gamer Multi Gk120, Preto e Verde, Teclas Multimídias, ABNT2 - Tc265;52
Teclado Sem fio Microsoft USB, ABNT 2, Trackpad, multitoque, Touchpad - N9z-00005;449
Teclado Mecânico Gamer Motospeed CK61 Essential RGB Switch RED FMSTC0091VEM;379
Teclado Gamer Razer Óptico-mecânico, Huntsman, Mini Clickyr, Switch Purple;1001
Teclado Gamer Mecânico Compacto Cooler Master SK620, RGB, Switch Low Profile Brown, US, Prata/Branco - SK-620-SKTM1-US;647
Teclado Mecânico Gamer Redragon Lakshmi, LED Rainbow, Switch Azul, Rollover N-Key, Doubleshot ABS, ABNT2 - K606w-r;189
Teclado Mecânico Gamer Redragon Daksa Lunar White, Switch Outemu Brown, Abnt2, Double Shot, Rainbow - K576w-r;210
Teclado Mecânico Redragon Kumara K552rgb-1 Rgb Preto;339
Teclado Gamer Desert Eagle Rainbow Elg;179
Teclado Mecânico Gamer Evus Tc-08 Snowstorm - Branco;266
Teclado 60% Razer Huntsman, Mini Switch Red;1590
Teclado Mecânico Gamer Redragon Hades Lollipop, LED Branco, Switch MK.II DIY Azul, ABNT2 - K623-WP;286
Teclado Gamer Evolut Kaos Eg-210 Suporte Para Smartphone Celular Qwerty Português;101
Teclado Sem Fio Mecânico Gamer Motospeed CK62, RGB, Bluetooth, Switch Vermelho, Anti-ghosting - Fmstc0028vem;530
Teclado Gamer Mecânico, Nysus, Outemu Red, ABNT2, Tc608 - Oex;179
Teclado Mecânico Gamer Hayom Tc3218, RGB, Switch Blue Abnt, Anti-ghosting 100% Teclas, N Key Rollover;139
Teclado Mecânico Gamer Motospeed Ck95, Preto Iluminado, Switch Blue, Us, Com Fio;299
Teclado Sem Fio Targus Akf003us, Bluetooth Ergônomico Antimicrobiano Us, Preto;218
Teclado Samsung Preto Inteligente Trio Bluetooth Ej-b3400;459
Teclado Mecânico Gamer Force One Avro, Rainbow, Switch Blue, Anti-ghost, Teclas Milky Branco E Preto, Us, Preto - Fr.tc.av.02;217
Teclado Gamer Ulta-fino Haiz Hz-580 Qwerty;99
Teclado Gamer Logitech G915 Carbon Tkl S/fio Bluetooth Mecânico Us Switch Gl Tatile 920-009495;1979
Teclado Gamer Aplus Tech Mizu Rainbow, Mecânico, Abnt2, Switch, Outemu Blue - Ap-kb-3989.;229
Teclado E Mouse Sem Fio Logitech MX Keys, Bluetooth, Bolt BT - 920-010225;2199
Teclado OEX Pop, ABNT2 , Preto - TC400;67
Teclado Gamer Multimídia, VX Gaming Hercules, LED 3 Cores, Cabo 1.8Mts - GT200;79
Teclado Base Metálica Led Rainbow Gk300 - Tc259;79
Teclado Gamer Knup RGB - Kp-te106;224
Teclado Gamer Dazz Orion rgb Gateron Blue 62000022;168
Teclado Gamer Teclado GXT-881 Odyss LED, Semi Mecânico, Multimídia, Abnt2 - 24306;235
Teclado Mecânico Redragon Dark Avenger, RGB, Switch Outemu Brown, ABNT2 - K568RGB-2;245
Teclado Gamer Multi, Multimídia Gamer, USB, ABNT2 - TCC201;38
Teclado Mecânico Gamer Bright GTC559, LED Rainbow, Switch Blue, Anti-ghosting, US;177
Teclado Mecânico Gamer, Com Led, Naja Capricorn Mitsushiba;188
Teclado Pcyes Usb Kit + Mouse Soft Branco Pcosf2w;150
Teclado Mecanico Alpha Red Usb 2.0 Dazz V2 62000106;183
Teclado Gamer ELG Dragon War Membrana Dupla, com 107 Teclas, Teclas Multimídias, A Prova de Respingos, ABNT2, Preto - TGDW;70
Teclado Mecânico Compacto Zot Outemu Red Hotswap Led Vermelho  Anti Ghosting;221
Teclado Mecânico Redragon Fizz Rgb Preto 60% K617 Abnt2 Blue;209
Teclado P/  Notebook Acer Nitro 5  An515-55-59mt  AN515-44  Br-iluminado;658
Teclado Mecânico Gamer Redragon Vishnu K596, RGB, Chroma Mk.ii, Switch Red, ABNT2, USB-C, Preto;503
Teclado Mecanico Zot, Branco, Outemu ,Red Led, RGB,  ABNT2;216
Teclado Mecânico Gamer Redragon Sani, LED RGB, Switch Outemu Blue, ABNT2 - K581rgb.;420
Teclado Mecânico Gamer Trust Scarr GXT 887, LED  Rainbow, Switch Vermelho,  Win Lock Key, QWERTY, Anti-Ghosting, US - 23385;413
Teclado Sem Fio Logitech K480 Bluetooth, US, Multi-device - 920-006348;214
Teclado  Mecânico Gamer Goldentec GT Mechanical, Switch Kailh Brown, BLUE SWITH, Anti-ghosting, ABNT2;459
Teclado e Mouse Sem Fio, H maston, Respingo líquido, Preto;134
Teclado Óptico Gamer Redragon Magic-wand Pro, RGB, Branco, Switch Azul, ABNT2;347
Teclado Gertec Teclado Numérico, PS2, Cinza - Tec44;711
Teclado Logitech Ergo K860, sem Fio, Preto;918
Teclado Motospeed Bluetooth Ck62 Rosa Switch Vermelho Rgb;279
Teclado Mecânico, Motospeed, Ck82, RGB, Switch Azul - Fmstc0025azl;402
Teclado Ultra Fino Feasso Fatc-22 Teclas Chocolate Usb Macio;60
Teclado Philips K501 Sem Fio;134
Teclado Gamer ELG TGDM, LED RGB Chroma, Membrana Tripla, com 120 Teclas, Tecla Anti-Ghost, ABNT2;199
Teclado Gamer Logitech G Pro Gx, Edição K DA, USB, 920-010074;883
Teclado Flat Com Fio Tc300 Branco Abnt2 Oex;58
Teclado Sintetizador Yamaha Mx61 Profissional + Fonte;5390
Teclado Para Computador Hoopson Usb Letras Grandes Tpc-058g;30
Teclado Gamer Mecanico Tkl Neron Black Outemu Red Rgb Pnohrdrgb Pcyes;330
Teclado Gamer Kross Elegance Njord, LED Colorido, Anti-Ghosting, ABNT2 - KE-KG105;124
Teclado Usb C3tech Abnt2 Kbm100;45
Teclado Gamer Redragon Karura 2 - Abnt2 - Teclas Multimídia - Branco - K502w-n;175
Teclado Gamer Mecânico Galax Stealthy, Series Stl-03 Blue, Switch, RGB, 104 Teclas, Metal - Kgs0314t1mr1bbk0;207
Teclado Mecânico Gamer K-mex Steampunk, RGB, Switch Blue, 108 teclas -  Kmm828u0001cb0x;329
Teclado Gamer Exbom com 3 Cores de Led - BK-G35;129
Teclado Gamer Profissional Led Rgb Usb Abnt2 Hk8800 Xtrad;90
Teclado Redragon Lakshmi Amarelo Cinza Branco Switch Marrom;190
Teclado Gamer Evolut Hawke, Com Fio - Eg206;59
Teclado, Mouse e Mousepad Sem Fio Semi Mecânico, USB e Wireless, ABNT2, Preto, RGB;359
Teclado Gamer Mecânico Logitech G715 Linear, Sem Fio, RGB - Branco;1329
Teclado Para Notebook, Vaio, Fe15, Vjfe52f11x - Br, Preto;449
Teclado E Mouse Logitech Mk470, USB, com Teclado Numérico - 920-009268;390
Teclado Mecânico Gamer Redragon Hades, Bubblegum - Switch DIY Azul E, LED, Branco;259
Teclado Mini Yamaha, Preto - Pss-f30;516
Teclado Numérico USB, 18 Teclas, Macias e Silenciosas - BK-N30;27
Teclado Targus Kb55, Sem Fio, Bluetooth 3.0, US, Preto - Akb55ap;96
Teclado P/ Notebook Positivo Master N1240 Motion C41 C1ta C4500c Br;246
Teclado Mecânico Gamer Vinik Shelter, LED Rainbow, RGB, Switch Blue, Anti Ghosting, ABNT2  - GTM100;185
Teclado Mecânico A+ Plus Tech Barak Ap-kb-3997 Rainbow Switch Outemu Brown Abnt2.;205
Teclado Mecânico Gamer Compact II, 88 Teclas, Bright - Gtc561;152
Teclado Mecânico Gamer Redragon Kumara, LED Vermelho, Switch Outemu Blue, PT - K552-2;237
Teclado Mecânico Gamer, Redragon, Dragonborn RGB, Preto - Switch Marrom;302
Teclado Mecânico Gamer Aplus Tech, Barak Rainbow, ABNT2, Outemu Red.;280
Teclado Gamer Semimecânico Xzone, Preto, RGB - Gts-01;161
Teclado P/ Notebook Fti Compaq Presario  Cq-27 Br;255
Teclado Gamer, Mecanico, Led Azul, B865,  Bloody, Optico, USB, Preto.;401
Teclado Mecânico Gamer Concórdia K- X911, LED Rainbow, Com Switch Blue, 104 botões, Cor Fixa por Linha, Preto;143
Teclado Mecânico Gamer Orion Essential, RGB, Switch Blue, Preto;153
Teclado Mecânico Gamer, RGB, Rosa, Orion Essential Com Led E Switch Blue;174
Teclado Mecânico Gamer Steelseries Apex 7, RGB, Switch Red, Us, Anti-ghosting, Preto - 64636;1799
Teclado Usb Gamer C3tech Kg-40bk;62
